-- phpMyAdmin SQL Dump
-- version 5.1.1
-- https://www.phpmyadmin.net/
--
-- Host: 127.0.0.1
-- Generation Time: Aug 12, 2022 at 01:24 AM
-- Server version: 10.5.13-MariaDB-cll-lve
-- PHP Version: 7.2.34

SET SQL_MODE = "NO_AUTO_VALUE_ON_ZERO";
START TRANSACTION;
SET time_zone = "+00:00";


/*!40101 SET @OLD_CHARACTER_SET_CLIENT=@@CHARACTER_SET_CLIENT */;
/*!40101 SET @OLD_CHARACTER_SET_RESULTS=@@CHARACTER_SET_RESULTS */;
/*!40101 SET @OLD_COLLATION_CONNECTION=@@COLLATION_CONNECTION */;
/*!40101 SET NAMES utf8mb4 */;

--
-- Database: `u992110970_filtar`
--

-- --------------------------------------------------------

--
-- Table structure for table `admins`
--

CREATE TABLE `admins` (
  `id` bigint(20) UNSIGNED NOT NULL,
  `name` varchar(255) COLLATE utf8mb4_unicode_ci NOT NULL,
  `email` varchar(255) COLLATE utf8mb4_unicode_ci DEFAULT NULL,
  `password` varchar(255) COLLATE utf8mb4_unicode_ci NOT NULL,
  `image` varchar(255) COLLATE utf8mb4_unicode_ci DEFAULT NULL,
  `created_at` timestamp NULL DEFAULT NULL,
  `updated_at` timestamp NULL DEFAULT NULL
) ENGINE=InnoDB DEFAULT CHARSET=utf8mb4 COLLATE=utf8mb4_unicode_ci;

--
-- Dumping data for table `admins`
--

INSERT INTO `admins` (`id`, `name`, `email`, `password`, `image`, `created_at`, `updated_at`) VALUES
(1, 'ุงุญูุฏ ูุญูู', 'admin@admin.com', '$2y$10$r4APdO9rlyZV7TnTiATH/uca1gJMmIRkmegvafKL8FfvS51ppwCGq', 'assets/uploads/admins/36891657894983.jpg', '2022-07-15 14:04:18', '2022-07-15 14:23:03'),
(2, 'ุชูุณุช', 'test@admin.com', '$2y$10$81u6OqLIDTnLaQxTzlzc0ut2vsS7dJCnebJ.uWLqCPdyQ7uwzFYB.', 'assets/uploads/admins/24791657894999.jpg', '2022-07-15 14:19:28', '2022-07-15 14:23:19');

-- --------------------------------------------------------

--
-- Table structure for table `categories`
--

CREATE TABLE `categories` (
  `id` bigint(20) UNSIGNED NOT NULL,
  `title` varchar(255) COLLATE utf8mb4_unicode_ci NOT NULL,
  `created_at` timestamp NULL DEFAULT NULL,
  `updated_at` timestamp NULL DEFAULT NULL
) ENGINE=InnoDB DEFAULT CHARSET=utf8mb4 COLLATE=utf8mb4_unicode_ci;

--
-- Dumping data for table `categories`
--

INSERT INTO `categories` (`id`, `title`, `created_at`, `updated_at`) VALUES
(1, 'ููุงุชุฑ', '2022-07-15 14:33:43', '2022-07-15 14:33:43'),
(2, 'ุดูุนุงุช', '2022-07-15 14:33:50', '2022-08-07 23:59:32'),
(3, 'ูุทุน ุบูุงุฑ', '2022-07-15 14:33:57', '2022-08-07 23:59:26');

-- --------------------------------------------------------

--
-- Table structure for table `cities`
--

CREATE TABLE `cities` (
  `id` int(11) NOT NULL,
  `governorate_id` int(11) NOT NULL,
  `city_name_ar` varchar(200) NOT NULL,
  `city_name_en` varchar(200) NOT NULL
) ENGINE=MyISAM DEFAULT CHARSET=utf8;

--
-- Dumping data for table `cities`
--

INSERT INTO `cities` (`id`, `governorate_id`, `city_name_ar`, `city_name_en`) VALUES
(1, 1, '15 ูุงูู', '15 May'),
(2, 1, 'ุงูุงุฒุจููุฉ', 'Al Azbakeyah'),
(3, 1, 'ุงูุจุณุงุชูู', 'Al Basatin'),
(4, 1, 'ุงูุชุจูู', 'Tebin'),
(5, 1, 'ุงูุฎูููุฉ', 'El-Khalifa'),
(6, 1, 'ุงูุฏุฑุงุณุฉ', 'El darrasa'),
(7, 1, 'ุงูุฏุฑุจ ุงูุงุญูุฑ', 'Aldarb Alahmar'),
(8, 1, 'ุงูุฒุงููุฉ ุงูุญูุฑุงุก', 'Zawya al-Hamra'),
(9, 1, 'ุงูุฒูุชูู', 'El-Zaytoun'),
(10, 1, 'ุงูุณุงุญู', 'Sahel'),
(11, 1, 'ุงูุณูุงู', 'El Salam'),
(12, 1, 'ุงูุณูุฏุฉ ุฒููุจ', 'Sayeda Zeinab'),
(13, 1, 'ุงูุดุฑุงุจูุฉ', 'El Sharabeya'),
(14, 1, 'ูุฏููุฉ ุงูุดุฑูู', 'Shorouk'),
(15, 1, 'ุงูุธุงูุฑ', 'El Daher'),
(16, 1, 'ุงูุนุชุจุฉ', 'Ataba'),
(17, 1, 'ุงููุงูุฑุฉ ุงูุฌุฏูุฏุฉ', 'New Cairo'),
(18, 1, 'ุงููุฑุฌ', 'El Marg'),
(19, 1, 'ุนุฒุจุฉ ุงููุฎู', 'Ezbet el Nakhl'),
(20, 1, 'ุงููุทุฑูุฉ', 'Matareya'),
(21, 1, 'ุงููุนุงุฏู', 'Maadi'),
(22, 1, 'ุงููุนุตุฑุฉ', 'Maasara'),
(23, 1, 'ุงูููุทู', 'Mokattam'),
(24, 1, 'ุงููููู', 'Manyal'),
(25, 1, 'ุงูููุณูู', 'Mosky'),
(26, 1, 'ุงููุฒูุฉ', 'Nozha'),
(27, 1, 'ุงููุงููู', 'Waily'),
(28, 1, 'ุจุงุจ ุงูุดุนุฑูุฉ', 'Bab al-Shereia'),
(29, 1, 'ุจููุงู', 'Bolaq'),
(30, 1, 'ุฌุงุฑุฏู ุณูุชู', 'Garden City'),
(31, 1, 'ุญุฏุงุฆู ุงููุจุฉ', 'Hadayek El-Kobba'),
(32, 1, 'ุญููุงู', 'Helwan'),
(33, 1, 'ุฏุงุฑ ุงูุณูุงู', 'Dar Al Salam'),
(34, 1, 'ุดุจุฑุง', 'Shubra'),
(35, 1, 'ุทุฑู', 'Tura'),
(36, 1, 'ุนุงุจุฏูู', 'Abdeen'),
(37, 1, 'ุนุจุงุณูุฉ', 'Abaseya'),
(38, 1, 'ุนูู ุดูุณ', 'Ain Shams'),
(39, 1, 'ูุฏููุฉ ูุตุฑ', 'Nasr City'),
(40, 1, 'ูุตุฑ ุงูุฌุฏูุฏุฉ', 'New Heliopolis'),
(41, 1, 'ูุตุฑ ุงููุฏููุฉ', 'Masr Al Qadima'),
(42, 1, 'ููุดูุฉ ูุงุตุฑ', 'Mansheya Nasir'),
(43, 1, 'ูุฏููุฉ ุจุฏุฑ', 'Badr City'),
(44, 1, 'ูุฏููุฉ ุงูุนุจูุฑ', 'Obour City'),
(45, 1, 'ูุณุท ุงูุจูุฏ', 'Cairo Downtown'),
(46, 1, 'ุงูุฒูุงูู', 'Zamalek'),
(47, 1, 'ูุตุฑ ุงูููู', 'Kasr El Nile'),
(48, 1, 'ุงูุฑุญุงุจ', 'Rehab'),
(49, 1, 'ุงููุทุงููุฉ', 'Katameya'),
(50, 1, 'ูุฏููุชู', 'Madinty'),
(51, 1, 'ุฑูุถ ุงููุฑุฌ', 'Rod Alfarag'),
(52, 1, 'ุดูุฑุงุชูู', 'Sheraton'),
(53, 1, 'ุงูุฌูุงููุฉ', 'El-Gamaleya'),
(54, 1, 'ุงูุนุงุดุฑ ูู ุฑูุถุงู', '10th of Ramadan City'),
(55, 1, 'ุงูุญูููุฉ', 'Helmeyat Alzaytoun'),
(56, 1, 'ุงููุฒูุฉ ุงูุฌุฏูุฏุฉ', 'New Nozha'),
(57, 1, 'ุงูุนุงุตูุฉ ุงูุฅุฏุงุฑูุฉ', 'Capital New'),
(58, 2, 'ุงูุฌูุฒุฉ', 'Giza'),
(59, 2, 'ุงูุณุงุฏุณ ูู ุฃูุชูุจุฑ', 'Sixth of October'),
(60, 2, 'ุงูุดูุฎ ุฒุงูุฏ', 'Cheikh Zayed'),
(61, 2, 'ุงูุญูุงูุฏูุฉ', 'Hawamdiyah'),
(62, 2, 'ุงูุจุฏุฑุดูู', 'Al Badrasheen'),
(63, 2, 'ุงูุตู', 'Saf'),
(64, 2, 'ุฃุทููุญ', 'Atfih'),
(65, 2, 'ุงูุนูุงุท', 'Al Ayat'),
(66, 2, 'ุงูุจุงููุทู', 'Al-Bawaiti'),
(67, 2, 'ููุดุฃุฉ ุงูููุงุทุฑ', 'ManshiyetAl Qanater'),
(68, 2, 'ุฃูุณูู', 'Oaseem'),
(69, 2, 'ูุฑุฏุงุณุฉ', 'Kerdasa'),
(70, 2, 'ุฃุจู ุงูููุฑุณ', 'Abu Nomros'),
(71, 2, 'ููุฑ ุบุทุงุทู', 'Kafr Ghati'),
(72, 2, 'ููุดุฃุฉ ุงูุจูุงุฑู', 'Manshiyet Al Bakari'),
(73, 2, 'ุงูุฏูู', 'Dokki'),
(74, 2, 'ุงูุนุฌูุฒุฉ', 'Agouza'),
(75, 2, 'ุงููุฑู', 'Haram'),
(76, 2, 'ุงููุฑุงู', 'Warraq'),
(77, 2, 'ุงูุจุงุจุฉ', 'Imbaba'),
(78, 2, 'ุจููุงู ุงูุฏูุฑูุฑ', 'Boulaq Dakrour'),
(79, 2, 'ุงููุงุญุงุช ุงูุจุญุฑูุฉ', 'Al Wahat Al Baharia'),
(80, 2, 'ุงูุนูุฑุงููุฉ', 'Omraneya'),
(81, 2, 'ุงููููุจ', 'Moneeb'),
(82, 2, 'ุจูู ุงูุณุฑุงูุงุช', 'Bin Alsarayat'),
(83, 2, 'ุงูููุช ูุงุช', 'Kit Kat'),
(84, 2, 'ุงููููุฏุณูู', 'Mohandessin'),
(85, 2, 'ููุตู', 'Faisal'),
(86, 2, 'ุฃุจู ุฑูุงุด', 'Abu Rawash'),
(87, 2, 'ุญุฏุงุฆู ุงูุฃูุฑุงู', 'Hadayek Alahram'),
(88, 2, 'ุงูุญุฑุงููุฉ', 'Haraneya'),
(89, 2, 'ุญุฏุงุฆู ุงูุชูุจุฑ', 'Hadayek October'),
(90, 2, 'ุตูุท ุงููุจู', 'Saft Allaban'),
(91, 2, 'ุงููุฑูุฉ ุงูุฐููุฉ', 'Smart Village'),
(92, 2, 'ุงุฑุถ ุงูููุงุก', 'Ard Ellwaa'),
(93, 3, 'ุงุจู ููุฑ', 'Abu Qir'),
(94, 3, 'ุงูุงุจุฑุงููููุฉ', 'Al Ibrahimeyah'),
(95, 3, 'ุงูุฃุฒุงุฑูุทุฉ', 'Azarita'),
(96, 3, 'ุงูุงูููุดู', 'Anfoushi'),
(97, 3, 'ุงูุฏุฎููุฉ', 'Dekheila'),
(98, 3, 'ุงูุณููู', 'El Soyof'),
(99, 3, 'ุงูุนุงูุฑูุฉ', 'Ameria'),
(100, 3, 'ุงููุจุงู', 'El Labban'),
(101, 3, 'ุงูููุฑูุฒุฉ', 'Al Mafrouza'),
(102, 3, 'ุงูููุชุฒู', 'El Montaza'),
(103, 3, 'ุงูููุดูุฉ', 'Mansheya'),
(104, 3, 'ุงููุงุตุฑูุฉ', 'Naseria'),
(105, 3, 'ุงูุจุฑูุฒู', 'Ambrozo'),
(106, 3, 'ุจุงุจ ุดุฑู', 'Bab Sharq'),
(107, 3, 'ุจุฑุฌ ุงูุนุฑุจ', 'Bourj Alarab'),
(108, 3, 'ุณุชุงููู', 'Stanley'),
(109, 3, 'ุณููุญุฉ', 'Smouha'),
(110, 3, 'ุณูุฏู ุจุดุฑ', 'Sidi Bishr'),
(111, 3, 'ุดุฏุณ', 'Shads'),
(112, 3, 'ุบูุท ุงูุนูุจ', 'Gheet Alenab'),
(113, 3, 'ูููููุฌ', 'Fleming'),
(114, 3, 'ูููุชูุฑูุง', 'Victoria'),
(115, 3, 'ูุงูุจ ุดูุฒุงุฑ', 'Camp Shizar'),
(116, 3, 'ูุฑููุฒ', 'Karmooz'),
(117, 3, 'ูุญุทุฉ ุงูุฑูู', 'Mahta Alraml'),
(118, 3, 'ูููุง ุงูุจุตู', 'Mina El-Basal'),
(119, 3, 'ุงูุนุตุงูุฑุฉ', 'Asafra'),
(120, 3, 'ุงูุนุฌูู', 'Agamy'),
(121, 3, 'ุจููุณ', 'Bakos'),
(122, 3, 'ุจููููู', 'Boulkly'),
(123, 3, 'ููููุจุงุชุฑุง', 'Cleopatra'),
(124, 3, 'ุฌููู', 'Glim'),
(125, 3, 'ุงููุนููุฑุฉ', 'Al Mamurah'),
(126, 3, 'ุงูููุฏุฑุฉ', 'Al Mandara'),
(127, 3, 'ูุญุฑู ุจู', 'Moharam Bek'),
(128, 3, 'ุงูุดุงุทุจู', 'Elshatby'),
(129, 3, 'ุณูุฏู ุฌุงุจุฑ', 'Sidi Gaber'),
(130, 3, 'ุงูุณุงุญู ุงูุดูุงูู', 'North Coast/sahel'),
(131, 3, 'ุงูุญุถุฑุฉ', 'Alhadra'),
(132, 3, 'ุงูุนุทุงุฑูู', 'Alattarin'),
(133, 3, 'ุณูุฏู ูุฑูุฑ', 'Sidi Kerir'),
(134, 3, 'ุงูุฌูุฑู', 'Elgomrok'),
(135, 3, 'ุงูููุณ', 'Al Max'),
(136, 3, 'ูุงุฑููุง', 'Marina'),
(137, 4, 'ุงูููุตูุฑุฉ', 'Mansoura'),
(138, 4, 'ุทูุฎุง', 'Talkha'),
(139, 4, 'ููุช ุบูุฑ', 'Mitt Ghamr'),
(140, 4, 'ุฏูุฑูุณ', 'Dekernes'),
(141, 4, 'ุฃุฌุง', 'Aga'),
(142, 4, 'ูููุฉ ุงููุตุฑ', 'Menia El Nasr'),
(143, 4, 'ุงูุณูุจูุงููู', 'Sinbillawin'),
(144, 4, 'ุงููุฑุฏู', 'El Kurdi'),
(145, 4, 'ุจูู ุนุจูุฏ', 'Bani Ubaid'),
(146, 4, 'ุงูููุฒูุฉ', 'Al Manzala'),
(147, 4, 'ุชูู ุงูุฃูุฏูุฏ', 'tami al\'amdid'),
(148, 4, 'ุงูุฌูุงููุฉ', 'aljamalia'),
(149, 4, 'ุดุฑุจูู', 'Sherbin'),
(150, 4, 'ุงููุทุฑูุฉ', 'Mataria'),
(151, 4, 'ุจููุงุณ', 'Belqas'),
(152, 4, 'ููุช ุณูุณูู', 'Meet Salsil'),
(153, 4, 'ุฌูุตุฉ', 'Gamasa'),
(154, 4, 'ูุญูุฉ ุฏููุฉ', 'Mahalat Damana'),
(155, 4, 'ูุจุฑูู', 'Nabroh'),
(156, 5, 'ุงูุบุฑุฏูุฉ', 'Hurghada'),
(157, 5, 'ุฑุฃุณ ุบุงุฑุจ', 'Ras Ghareb'),
(158, 5, 'ุณูุงุฌุง', 'Safaga'),
(159, 5, 'ุงููุตูุฑ', 'El Qusiar'),
(160, 5, 'ูุฑุณู ุนูู', 'Marsa Alam'),
(161, 5, 'ุงูุดูุงุชูู', 'Shalatin'),
(162, 5, 'ุญูุงูุจ', 'Halaib'),
(163, 5, 'ุงูุฏูุงุฑ', 'Aldahar'),
(164, 6, 'ุฏููููุฑ', 'Damanhour'),
(165, 6, 'ููุฑ ุงูุฏูุงุฑ', 'Kafr El Dawar'),
(166, 6, 'ุฑุดูุฏ', 'Rashid'),
(167, 6, 'ุฅุฏูู', 'Edco'),
(168, 6, 'ุฃุจู ุงููุทุงููุฑ', 'Abu al-Matamir'),
(169, 6, 'ุฃุจู ุญูุต', 'Abu Homs'),
(170, 6, 'ุงูุฏููุฌุงุช', 'Delengat'),
(171, 6, 'ุงููุญููุฏูุฉ', 'Mahmoudiyah'),
(172, 6, 'ุงูุฑุญูุงููุฉ', 'Rahmaniyah'),
(173, 6, 'ุฅูุชุงู ุงูุจุงุฑูุฏ', 'Itai Baroud'),
(174, 6, 'ุญูุด ุนูุณู', 'Housh Eissa'),
(175, 6, 'ุดุจุฑุงุฎูุช', 'Shubrakhit'),
(176, 6, 'ููู ุญูุงุฏุฉ', 'Kom Hamada'),
(177, 6, 'ุจุฏุฑ', 'Badr'),
(178, 6, 'ูุงุฏู ุงููุทุฑูู', 'Wadi Natrun'),
(179, 6, 'ุงูููุจุงุฑูุฉ ุงูุฌุฏูุฏุฉ', 'New Nubaria'),
(180, 6, 'ุงูููุจุงุฑูุฉ', 'Alnoubareya'),
(181, 7, 'ุงููููู', 'Fayoum'),
(182, 7, 'ุงููููู ุงูุฌุฏูุฏุฉ', 'Fayoum El Gedida'),
(183, 7, 'ุทุงููุฉ', 'Tamiya'),
(184, 7, 'ุณููุฑุณ', 'Snores'),
(185, 7, 'ุฅุทุณุง', 'Etsa'),
(186, 7, 'ุฅุจุดูุงู', 'Epschway'),
(187, 7, 'ููุณู ุงูุตุฏูู', 'Yusuf El Sediaq'),
(188, 7, 'ุงูุญุงุฏูุฉ', 'Hadqa'),
(189, 7, 'ุงุทุณุง', 'Atsa'),
(190, 7, 'ุงูุฌุงูุนุฉ', 'Algamaa'),
(191, 7, 'ุงูุณูุงูุฉ', 'Sayala'),
(192, 8, 'ุทูุทุง', 'Tanta'),
(193, 8, 'ุงููุญูุฉ ุงููุจุฑู', 'Al Mahalla Al Kobra'),
(194, 8, 'ููุฑ ุงูุฒูุงุช', 'Kafr El Zayat'),
(195, 8, 'ุฒูุชู', 'Zefta'),
(196, 8, 'ุงูุณูุทุฉ', 'El Santa'),
(197, 8, 'ูุทูุฑ', 'Qutour'),
(198, 8, 'ุจุณููู', 'Basion'),
(199, 8, 'ุณูููุฏ', 'Samannoud'),
(200, 9, 'ุงูุฅุณูุงุนูููุฉ', 'Ismailia'),
(201, 9, 'ูุงูุฏ', 'Fayed'),
(202, 9, 'ุงูููุทุฑุฉ ุดุฑู', 'Qantara Sharq'),
(203, 9, 'ุงูููุทุฑุฉ ุบุฑุจ', 'Qantara Gharb'),
(204, 9, 'ุงูุชู ุงููุจูุฑ', 'El Tal El Kabier'),
(205, 9, 'ุฃุจู ุตููุฑ', 'Abu Sawir'),
(206, 9, 'ุงููุตุงุตูู ุงูุฌุฏูุฏุฉ', 'Kasasien El Gedida'),
(207, 9, 'ูููุดุฉ', 'Nefesha'),
(208, 9, 'ุงูุดูุฎ ุฒุงูุฏ', 'Sheikh Zayed'),
(209, 10, 'ุดุจูู ุงูููู', 'Shbeen El Koom'),
(210, 10, 'ูุฏููุฉ ุงูุณุงุฏุงุช', 'Sadat City'),
(211, 10, 'ูููู', 'Menouf'),
(212, 10, 'ุณุฑุณ ุงูููุงู', 'Sars El-Layan'),
(213, 10, 'ุฃุดููู', 'Ashmon'),
(214, 10, 'ุงูุจุงุฌูุฑ', 'Al Bagor'),
(215, 10, 'ูููุณูุง', 'Quesna'),
(216, 10, 'ุจุฑูุฉ ุงูุณุจุน', 'Berkat El Saba'),
(217, 10, 'ุชูุง', 'Tala'),
(218, 10, 'ุงูุดูุฏุงุก', 'Al Shohada'),
(219, 11, 'ุงููููุง', 'Minya'),
(220, 11, 'ุงููููุง ุงูุฌุฏูุฏุฉ', 'Minya El Gedida'),
(221, 11, 'ุงูุนุฏูุฉ', 'El Adwa'),
(222, 11, 'ูุบุงุบุฉ', 'Magagha'),
(223, 11, 'ุจูู ูุฒุงุฑ', 'Bani Mazar'),
(224, 11, 'ูุทุงู', 'Mattay'),
(225, 11, 'ุณูุงููุท', 'Samalut'),
(226, 11, 'ุงููุฏููุฉ ุงูููุฑูุฉ', 'Madinat El Fekria'),
(227, 11, 'ูููู', 'Meloy'),
(228, 11, 'ุฏูุฑ ููุงุณ', 'Deir Mawas'),
(229, 11, 'ุงุจู ูุฑูุงุต', 'Abu Qurqas'),
(230, 11, 'ุงุฑุถ ุณูุทุงู', 'Ard Sultan'),
(231, 12, 'ุจููุง', 'Banha'),
(232, 12, 'ููููุจ', 'Qalyub'),
(233, 12, 'ุดุจุฑุง ุงูุฎููุฉ', 'Shubra Al Khaimah'),
(234, 12, 'ุงูููุงุทุฑ ุงูุฎูุฑูุฉ', 'Al Qanater Charity'),
(235, 12, 'ุงูุฎุงููุฉ', 'Khanka'),
(236, 12, 'ููุฑ ุดูุฑ', 'Kafr Shukr'),
(237, 12, 'ุทูุฎ', 'Tukh'),
(238, 12, 'ููุง', 'Qaha'),
(239, 12, 'ุงูุนุจูุฑ', 'Obour'),
(240, 12, 'ุงูุฎุตูุต', 'Khosous'),
(241, 12, 'ุดุจูู ุงูููุงุทุฑ', 'Shibin Al Qanater'),
(242, 12, 'ูุณุทุฑุฏ', 'Mostorod'),
(243, 13, 'ุงูุฎุงุฑุฌุฉ', 'El Kharga'),
(244, 13, 'ุจุงุฑูุณ', 'Paris'),
(245, 13, 'ููุท', 'Mout'),
(246, 13, 'ุงููุฑุงูุฑุฉ', 'Farafra'),
(247, 13, 'ุจูุงุท', 'Balat'),
(248, 13, 'ุงูุฏุงุฎูุฉ', 'Dakhla'),
(249, 14, 'ุงูุณููุณ', 'Suez'),
(250, 14, 'ุงูุฌูุงูู', 'Alganayen'),
(251, 14, 'ุนุชุงูุฉ', 'Ataqah'),
(252, 14, 'ุงูุนูู ุงูุณุฎูุฉ', 'Ain Sokhna'),
(253, 14, 'ููุตู', 'Faysal'),
(254, 15, 'ุฃุณูุงู', 'Aswan'),
(255, 15, 'ุฃุณูุงู ุงูุฌุฏูุฏุฉ', 'Aswan El Gedida'),
(256, 15, 'ุฏุฑุงู', 'Drau'),
(257, 15, 'ููู ุฃูุจู', 'Kom Ombo'),
(258, 15, 'ูุตุฑ ุงูููุจุฉ', 'Nasr Al Nuba'),
(259, 15, 'ููุงุจุดุฉ', 'Kalabsha'),
(260, 15, 'ุฅุฏูู', 'Edfu'),
(261, 15, 'ุงูุฑุฏูุณูุฉ', 'Al-Radisiyah'),
(262, 15, 'ุงูุจุตูููุฉ', 'Al Basilia'),
(263, 15, 'ุงูุณุจุงุนูุฉ', 'Al Sibaeia'),
(264, 15, 'ุงุจูุณูุจู ุงูุณูุงุญูุฉ', 'Abo Simbl Al Siyahia'),
(265, 15, 'ูุฑุณู ุนูู', 'Marsa Alam'),
(266, 16, 'ุฃุณููุท', 'Assiut'),
(267, 16, 'ุฃุณููุท ุงูุฌุฏูุฏุฉ', 'Assiut El Gedida'),
(268, 16, 'ุฏูุฑูุท', 'Dayrout'),
(269, 16, 'ูููููุท', 'Manfalut'),
(270, 16, 'ุงูููุตูุฉ', 'Qusiya'),
(271, 16, 'ุฃุจููุจ', 'Abnoub'),
(272, 16, 'ุฃุจู ุชูุฌ', 'Abu Tig'),
(273, 16, 'ุงูุบูุงูู', 'El Ghanaim'),
(274, 16, 'ุณุงุญู ุณููู', 'Sahel Selim'),
(275, 16, 'ุงูุจุฏุงุฑู', 'El Badari'),
(276, 16, 'ุตุฏูุง', 'Sidfa'),
(277, 17, 'ุจูู ุณููู', 'Bani Sweif'),
(278, 17, 'ุจูู ุณููู ุงูุฌุฏูุฏุฉ', 'Beni Suef El Gedida'),
(279, 17, 'ุงููุงุณุทู', 'Al Wasta'),
(280, 17, 'ูุงุตุฑ', 'Naser'),
(281, 17, 'ุฅููุงุณูุง', 'Ehnasia'),
(282, 17, 'ุจุจุง', 'beba'),
(283, 17, 'ุงููุดู', 'Fashn'),
(284, 17, 'ุณูุณุทุง', 'Somasta'),
(285, 17, 'ุงูุงุจุงุตูุฑู', 'Alabbaseri'),
(286, 17, 'ููุจู', 'Mokbel'),
(287, 18, 'ุจูุฑุณุนูุฏ', 'PorSaid'),
(288, 18, 'ุจูุฑูุคุงุฏ', 'Port Fouad'),
(289, 18, 'ุงูุนุฑุจ', 'Alarab'),
(290, 18, 'ุญู ุงูุฒููุฑ', 'Zohour'),
(291, 18, 'ุญู ุงูุดุฑู', 'Alsharq'),
(292, 18, 'ุญู ุงูุถูุงุญู', 'Aldawahi'),
(293, 18, 'ุญู ุงูููุงุฎ', 'Almanakh'),
(294, 18, 'ุญู ูุจุงุฑู', 'Mubarak'),
(295, 19, 'ุฏููุงุท', 'Damietta'),
(296, 19, 'ุฏููุงุท ุงูุฌุฏูุฏุฉ', 'New Damietta'),
(297, 19, 'ุฑุฃุณ ุงูุจุฑ', 'Ras El Bar'),
(298, 19, 'ูุงุฑุณููุฑ', 'Faraskour'),
(299, 19, 'ุงูุฒุฑูุง', 'Zarqa'),
(300, 19, 'ุงูุณุฑู', 'alsaru'),
(301, 19, 'ุงูุฑูุถุฉ', 'alruwda'),
(302, 19, 'ููุฑ ุงูุจุทูุฎ', 'Kafr El-Batikh'),
(303, 19, 'ุนุฒุจุฉ ุงูุจุฑุฌ', 'Azbet Al Burg'),
(304, 19, 'ููุช ุฃุจู ุบุงูุจ', 'Meet Abou Ghalib'),
(305, 19, 'ููุฑ ุณุนุฏ', 'Kafr Saad'),
(306, 20, 'ุงูุฒูุงุฒูู', 'Zagazig'),
(307, 20, 'ุงูุนุงุดุฑ ูู ุฑูุถุงู', 'Al Ashr Men Ramadan'),
(308, 20, 'ูููุง ุงูููุญ', 'Minya Al Qamh'),
(309, 20, 'ุจูุจูุณ', 'Belbeis'),
(310, 20, 'ูุดุชูู ุงูุณูู', 'Mashtoul El Souq'),
(311, 20, 'ุงูููุงูุงุช', 'Qenaiat'),
(312, 20, 'ุฃุจู ุญูุงุฏ', 'Abu Hammad'),
(313, 20, 'ุงููุฑูู', 'El Qurain'),
(314, 20, 'ูููุง', 'Hehia'),
(315, 20, 'ุฃุจู ูุจูุฑ', 'Abu Kabir'),
(316, 20, 'ูุงููุณ', 'Faccus'),
(317, 20, 'ุงูุตุงูุญูุฉ ุงูุฌุฏูุฏุฉ', 'El Salihia El Gedida'),
(318, 20, 'ุงูุฅุจุฑุงููููุฉ', 'Al Ibrahimiyah'),
(319, 20, 'ุฏูุฑุจ ูุฌู', 'Deirb Negm'),
(320, 20, 'ููุฑ ุตูุฑ', 'Kafr Saqr'),
(321, 20, 'ุฃููุงุฏ ุตูุฑ', 'Awlad Saqr'),
(322, 20, 'ุงูุญุณูููุฉ', 'Husseiniya'),
(323, 20, 'ุตุงู ุงูุญุฌุฑ ุงููุจููุฉ', 'san alhajar alqablia'),
(324, 20, 'ููุดุฃุฉ ุฃุจู ุนูุฑ', 'Manshayat Abu Omar'),
(325, 21, 'ุงูุทูุฑ', 'Al Toor'),
(326, 21, 'ุดุฑู ุงูุดูุฎ', 'Sharm El-Shaikh'),
(327, 21, 'ุฏูุจ', 'Dahab'),
(328, 21, 'ูููุจุน', 'Nuweiba'),
(329, 21, 'ุทุงุจุง', 'Taba'),
(330, 21, 'ุณุงูุช ูุงุชุฑูู', 'Saint Catherine'),
(331, 21, 'ุฃุจู ุฑุฏูุณ', 'Abu Redis'),
(332, 21, 'ุฃุจู ุฒูููุฉ', 'Abu Zenaima'),
(333, 21, 'ุฑุฃุณ ุณุฏุฑ', 'Ras Sidr'),
(334, 22, 'ููุฑ ุงูุดูุฎ', 'Kafr El Sheikh'),
(335, 22, 'ูุณุท ุงูุจูุฏ ููุฑ ุงูุดูุฎ', 'Kafr El Sheikh Downtown'),
(336, 22, 'ุฏุณูู', 'Desouq'),
(337, 22, 'ููู', 'Fooh'),
(338, 22, 'ูุทูุจุณ', 'Metobas'),
(339, 22, 'ุจุฑุฌ ุงูุจุฑูุณ', 'Burg Al Burullus'),
(340, 22, 'ุจูุทูู', 'Baltim'),
(341, 22, 'ูุตูู ุจูุทูู', 'Masief Baltim'),
(342, 22, 'ุงูุญุงููู', 'Hamol'),
(343, 22, 'ุจููุง', 'Bella'),
(344, 22, 'ุงูุฑูุงุถ', 'Riyadh'),
(345, 22, 'ุณูุฏู ุณุงูู', 'Sidi Salm'),
(346, 22, 'ูููู', 'Qellen'),
(347, 22, 'ุณูุฏู ุบุงุฒู', 'Sidi Ghazi'),
(348, 23, 'ูุฑุณู ูุทุฑูุญ', 'Marsa Matrouh'),
(349, 23, 'ุงูุญูุงู', 'El Hamam'),
(350, 23, 'ุงูุนูููู', 'Alamein'),
(351, 23, 'ุงูุถุจุนุฉ', 'Dabaa'),
(352, 23, 'ุงููุฌููุฉ', 'Al-Nagila'),
(353, 23, 'ุณูุฏู ุจุฑุงูู', 'Sidi Brani'),
(354, 23, 'ุงูุณููู', 'Salloum'),
(355, 23, 'ุณููุฉ', 'Siwa'),
(356, 23, 'ูุงุฑููุง', 'Marina'),
(357, 23, 'ุงูุณุงุญู ุงูุดูุงูู', 'North Coast'),
(358, 24, 'ุงูุฃูุตุฑ', 'Luxor'),
(359, 24, 'ุงูุฃูุตุฑ ุงูุฌุฏูุฏุฉ', 'New Luxor'),
(360, 24, 'ุฅุณูุง', 'Esna'),
(361, 24, 'ุทูุจุฉ ุงูุฌุฏูุฏุฉ', 'New Tiba'),
(362, 24, 'ุงูุฒูููุฉ', 'Al ziynia'),
(363, 24, 'ุงูุจูุงุถูุฉ', 'Al Bayadieh'),
(364, 24, 'ุงููุฑูุฉ', 'Al Qarna'),
(365, 24, 'ุฃุฑููุช', 'Armant'),
(366, 24, 'ุงูุทูุฏ', 'Al Tud'),
(367, 25, 'ููุง', 'Qena'),
(368, 25, 'ููุง ุงูุฌุฏูุฏุฉ', 'New Qena'),
(369, 25, 'ุงุจู ุทุดุช', 'Abu Tesht'),
(370, 25, 'ูุฌุน ุญูุงุฏู', 'Nag Hammadi'),
(371, 25, 'ุฏุดูุง', 'Deshna'),
(372, 25, 'ุงูููู', 'Alwaqf'),
(373, 25, 'ููุท', 'Qaft'),
(374, 25, 'ููุงุฏุฉ', 'Naqada'),
(375, 25, 'ูุฑุดูุท', 'Farshout'),
(376, 25, 'ููุต', 'Quos'),
(377, 26, 'ุงูุนุฑูุด', 'Arish'),
(378, 26, 'ุงูุดูุฎ ุฒููุฏ', 'Sheikh Zowaid'),
(379, 26, 'ูุฎู', 'Nakhl'),
(380, 26, 'ุฑูุญ', 'Rafah'),
(381, 26, 'ุจุฆุฑ ุงูุนุจุฏ', 'Bir al-Abed'),
(382, 26, 'ุงูุญุณูุฉ', 'Al Hasana'),
(383, 27, 'ุณููุงุฌ', 'Sohag'),
(384, 27, 'ุณููุงุฌ ุงูุฌุฏูุฏุฉ', 'Sohag El Gedida'),
(385, 27, 'ุฃุฎููู', 'Akhmeem'),
(386, 27, 'ุฃุฎููู ุงูุฌุฏูุฏุฉ', 'Akhmim El Gedida'),
(387, 27, 'ุงูุจูููุง', 'Albalina'),
(388, 27, 'ุงููุฑุงุบุฉ', 'El Maragha'),
(389, 27, 'ุงูููุดุฃุฉ', 'almunsha\'a'),
(390, 27, 'ุฏุงุฑ ุงูุณูุงู', 'Dar AISalaam'),
(391, 27, 'ุฌุฑุฌุง', 'Gerga'),
(392, 27, 'ุฌูููุฉ ุงูุบุฑุจูุฉ', 'Jahina Al Gharbia'),
(393, 27, 'ุณุงููุชู', 'Saqilatuh'),
(394, 27, 'ุทูุง', 'Tama'),
(395, 27, 'ุทูุทุง', 'Tahta'),
(396, 27, 'ุงูููุซุฑ', 'Alkawthar');

-- --------------------------------------------------------

--
-- Table structure for table `clean_time_conditions`
--

CREATE TABLE `clean_time_conditions` (
  `id` bigint(20) UNSIGNED NOT NULL,
  `water_type` enum('good','medium','bad') COLLATE utf8mb4_unicode_ci NOT NULL,
  `candle_number` tinyint(4) NOT NULL,
  `change_after` int(11) NOT NULL,
  `created_at` timestamp NULL DEFAULT NULL,
  `updated_at` timestamp NULL DEFAULT NULL
) ENGINE=InnoDB DEFAULT CHARSET=utf8mb4 COLLATE=utf8mb4_unicode_ci;

--
-- Dumping data for table `clean_time_conditions`
--

INSERT INTO `clean_time_conditions` (`id`, `water_type`, `candle_number`, `change_after`, `created_at`, `updated_at`) VALUES
(1, 'good', 1, 90, '2022-07-16 17:37:15', '2022-07-16 17:37:15'),
(2, 'good', 2, 180, '2022-07-16 17:37:52', '2022-07-16 17:37:52'),
(3, 'good', 3, 180, '2022-07-16 17:37:52', '2022-07-16 17:37:52'),
(4, 'good', 4, 1080, '2022-07-16 17:37:52', '2022-07-16 17:37:52'),
(5, 'good', 5, 540, '2022-07-16 17:37:52', '2022-07-16 17:37:52'),
(6, 'good', 6, 720, '2022-07-16 17:37:52', '2022-07-16 17:37:52'),
(7, 'good', 7, 1080, '2022-07-16 17:37:52', '2022-07-16 17:37:52'),
(8, 'medium', 1, 60, '2022-07-16 17:37:52', '2022-07-16 17:37:52'),
(9, 'medium', 2, 120, '2022-07-16 17:37:52', '2022-07-16 17:37:52'),
(10, 'medium', 3, 120, '2022-07-16 17:37:52', '2022-07-16 17:37:52'),
(11, 'medium', 4, 720, '2022-07-16 17:37:52', '2022-07-16 17:37:52'),
(12, 'medium', 5, 540, '2022-07-16 17:37:52', '2022-07-16 17:37:52'),
(13, 'medium', 6, 720, '2022-07-16 17:37:52', '2022-07-16 17:37:52'),
(14, 'medium', 7, 1080, '2022-07-16 17:37:52', '2022-07-16 17:37:52'),
(15, 'bad', 1, 30, '2022-07-16 17:37:52', '2022-07-16 17:37:52'),
(16, 'bad', 2, 90, '2022-07-16 17:37:52', '2022-07-16 17:37:52'),
(17, 'bad', 3, 90, '2022-07-16 17:37:52', '2022-07-16 17:37:52'),
(18, 'bad', 4, 540, '2022-07-16 17:37:52', '2022-07-16 17:37:52'),
(19, 'bad', 5, 540, '2022-07-16 17:37:52', '2022-07-16 17:37:52'),
(20, 'bad', 6, 720, '2022-07-16 17:37:52', '2022-07-16 17:37:52'),
(21, 'bad', 7, 1080, '2022-07-16 17:37:52', '2022-07-16 17:37:52');

-- --------------------------------------------------------

--
-- Table structure for table `contacts`
--

CREATE TABLE `contacts` (
  `id` bigint(20) UNSIGNED NOT NULL,
  `user_id` bigint(20) UNSIGNED DEFAULT NULL,
  `provider_id` bigint(20) UNSIGNED DEFAULT NULL,
  `message` text COLLATE utf8mb4_unicode_ci NOT NULL,
  `created_at` timestamp NULL DEFAULT NULL,
  `updated_at` timestamp NULL DEFAULT NULL
) ENGINE=InnoDB DEFAULT CHARSET=utf8mb4 COLLATE=utf8mb4_unicode_ci;

--
-- Dumping data for table `contacts`
--

INSERT INTO `contacts` (`id`, `user_id`, `provider_id`, `message`, `created_at`, `updated_at`) VALUES
(1, NULL, 4, 'ุชู ุงูุชุณุฌูู ูุน ุงูุชุทุจูู ุดูุฑุง ููู', '2022-07-25 22:15:43', '2022-07-25 22:15:43'),
(3, 24, NULL, 'ุงุงุงุงุชุงุงุง\nููุชุน', '2022-07-30 21:00:09', '2022-07-30 21:00:09'),
(5, 7, NULL, 'ุฑุณุงูู', '2022-08-09 00:02:44', '2022-08-09 00:02:44'),
(6, NULL, 10, 'ุฑ', '2022-08-09 00:54:02', '2022-08-09 00:54:02'),
(7, 5, NULL, 'ูุฐูุฐ', '2022-08-09 02:07:00', '2022-08-09 02:07:00'),
(8, 28, NULL, 'ุดูุนุงุช 4', '2022-08-09 14:12:33', '2022-08-09 14:12:33'),
(10, NULL, 13, 'ุชูุณุช', '2022-08-11 23:41:51', '2022-08-11 23:41:51'),
(11, 31, NULL, 'ุณุคุงู', '2022-08-12 01:21:22', '2022-08-12 01:21:22'),
(12, NULL, 10, 'ุณูุงู ุนูููู', '2022-08-12 02:36:00', '2022-08-12 02:36:00');

-- --------------------------------------------------------

--
-- Table structure for table `countries`
--

CREATE TABLE `countries` (
  `id` int(20) NOT NULL,
  `title_ar` varchar(255) COLLATE utf8mb4_unicode_ci NOT NULL,
  `image` varchar(255) COLLATE utf8mb4_unicode_ci DEFAULT NULL,
  `phone_code` varchar(5) COLLATE utf8mb4_unicode_ci DEFAULT NULL
) ENGINE=InnoDB DEFAULT CHARSET=utf8mb4 COLLATE=utf8mb4_unicode_ci;

--
-- Dumping data for table `countries`
--

INSERT INTO `countries` (`id`, `title_ar`, `image`, `phone_code`) VALUES
(1, 'ูุตุฑ', 'assets/uploads/country/53651659802677.webp', '+20'),
(2, 'ุงูุณุนูุฏูุฉ', 'assets/uploads/country/65321659802797.webp', '+966'),
(3, 'ุงูููู', 'assets/uploads/country/201659802721.webp', '+967'),
(4, 'ุงููุบุฑุจ', 'assets/uploads/country/64211659802603.webp', '+212'),
(5, 'ุชููุณ', 'assets/uploads/country/33201659802572.webp', '+216'),
(6, 'ุงูุนุฑุงู', 'assets/uploads/country/3711659986729.webp', '+964'),
(7, 'ุงูุฃุฑุฏู', 'assets/uploads/country/95901659987785.webp', '+962'),
(8, 'ุงูุฌุฒุงุฆุฑ', 'assets/uploads/country/43171659987871.webp', '+213'),
(9, 'ุณูุฑูุง', 'assets/uploads/country/3371659988807.webp', '+963'),
(10, 'ุงูุณูุฏุงู', 'assets/uploads/country/97001659988859.webp', '+249'),
(11, 'ููุจูุง', 'assets/uploads/country/97691659988942.webp', '+218'),
(12, 'ุงููููุช', 'assets/uploads/country/76161659988973.webp', '+965'),
(13, 'ุนููุงู', 'assets/uploads/country/16341659989093.webp', '+968'),
(14, 'ููุณุทูู', 'assets/uploads/country/46291659989217.webp', '+970'),
(15, 'ูุทุฑ', 'assets/uploads/country/93551659989245.webp', '+974'),
(16, 'ุงูุจุญุฑูู', 'assets/uploads/country/77861659989446.webp', '+973'),
(17, 'ุงูุฅูุงุฑุงุช', 'assets/uploads/country/75541659989469.webp', '+971'),
(18, 'ุงูุตููุงู', 'assets/uploads/country/37251659989563.webp', '+252'),
(19, 'ุชุฑููุง', 'assets/uploads/country/28151659989596.webp', '+90'),
(20, 'ุงูููุงูุงุช ุงููุชุญุฏุฉ ุงูุฃูุฑูููู', 'assets/uploads/country/22751659989848.webp', '+1'),
(21, 'ุงููุงููุง', 'assets/uploads/country/32351659989956.webp', '+49'),
(22, 'ูุฑูุณุง', 'assets/uploads/country/2061659989992.webp', '+33');

-- --------------------------------------------------------

--
-- Table structure for table `explanations`
--

CREATE TABLE `explanations` (
  `id` bigint(20) UNSIGNED NOT NULL,
  `link` varchar(255) COLLATE utf8mb4_unicode_ci NOT NULL,
  `title` text COLLATE utf8mb4_unicode_ci DEFAULT NULL,
  `desc` text COLLATE utf8mb4_unicode_ci DEFAULT NULL,
  `created_at` timestamp NULL DEFAULT NULL,
  `updated_at` timestamp NULL DEFAULT NULL
) ENGINE=InnoDB DEFAULT CHARSET=utf8mb4 COLLATE=utf8mb4_unicode_ci;

--
-- Dumping data for table `explanations`
--

INSERT INTO `explanations` (`id`, `link`, `title`, `desc`, `created_at`, `updated_at`) VALUES
(1, 'https://www.youtube.com/embed/pj1GWd-kyRo', 'ุงูุทูุงู ุดุฑูุฉ ููุงุก ุงูุณูุณุจูู', 'ููุง ูุง ุดู ููู ุฃู ููุงุชุฑ ุงูููุงู ูู ูุคุณุณู ููุงุก ุงูุณูุณุจูู ุฃุตุจุญุช ูุง ุบูู ุนููุง ูู ุฒูููุง ุงูุญุงูู ูุฐูู ุจุณุจุจ ูุซุฑุฉ ุงููููุซุงุช ุงูุตูุงุนูู ุญูููุง , ููุฃู ุงููุงุก ูู ุดุฑูุงู ุงูุญูุงู ูุฌุจ ุนูู ูู ุงูุณุงู ุฃ ูุฃูู ูุฐุง ุงูุดุฑูุงู ุณูุงุก ูููุณู ุฃู ูุนุงุฆูุชู ุฃู ูุงู ุดุฎุต ', '2022-07-25 22:31:41', '2022-07-25 22:31:41'),
(2, 'https://www.youtube.com/embed/B36iAN4qlug', 'ุชุบููุฑ ุดูุนุงุช ููุชุฑ ุงูููุงู', 'ุนูุงูุงุช ุชุฏู ุนูู ุฃูู ูุฌุจ ุนููู ุชุบููุฑ ููุชุฑ ุงูููุงู ูุญูุงูุฉ ุตุญุชู ูุฏ ูุง ูููู ุงูููุฒู ุฏูู ููุชุฑ ููุงู ูู ูุฑุงุญูู ุงููุฎุชููุฉุ ูู ุฃุฌู ุดุฑุจ ููุงู ุฃููู ูุฃูุธู', '2022-07-25 22:38:00', '2022-07-25 22:38:00'),
(4, 'https://www.youtube.com/embed/WGusZyeX058', 'ููุงุตูุงุช ููุชุฑ ุงููุง ุชุฑู ูฅ ูุฑุงุญู', 'ุฌููุน ุงูููุงุตูุงุช', '2022-08-08 00:21:55', '2022-08-08 00:21:55');

-- --------------------------------------------------------

--
-- Table structure for table `explanation_tags`
--

CREATE TABLE `explanation_tags` (
  `id` bigint(20) UNSIGNED NOT NULL,
  `explanation_id` bigint(20) UNSIGNED NOT NULL,
  `title` varchar(255) COLLATE utf8mb4_unicode_ci DEFAULT NULL,
  `created_at` timestamp NULL DEFAULT NULL,
  `updated_at` timestamp NULL DEFAULT NULL
) ENGINE=InnoDB DEFAULT CHARSET=utf8mb4 COLLATE=utf8mb4_unicode_ci;

--
-- Dumping data for table `explanation_tags`
--

INSERT INTO `explanation_tags` (`id`, `explanation_id`, `title`, `created_at`, `updated_at`) VALUES
(1, 1, 'ุตูุงูุฉ', '2022-07-25 22:36:30', '2022-07-25 22:36:30'),
(2, 1, 'ุชุฑููุจุงุช ', '2022-07-25 22:36:30', '2022-07-25 22:36:30'),
(3, 2, 'ูุฑุงุฌุนุงุช', '2022-07-25 22:39:27', '2022-07-25 22:39:27'),
(6, 4, 'ูุฑุงุฌุนุงุช', '2022-08-08 00:21:55', '2022-08-08 00:21:55');

-- --------------------------------------------------------

--
-- Table structure for table `failed_jobs`
--

CREATE TABLE `failed_jobs` (
  `id` bigint(20) UNSIGNED NOT NULL,
  `uuid` varchar(255) COLLATE utf8mb4_unicode_ci NOT NULL,
  `connection` text COLLATE utf8mb4_unicode_ci NOT NULL,
  `queue` text COLLATE utf8mb4_unicode_ci NOT NULL,
  `payload` longtext COLLATE utf8mb4_unicode_ci NOT NULL,
  `exception` longtext COLLATE utf8mb4_unicode_ci NOT NULL,
  `failed_at` timestamp NOT NULL DEFAULT current_timestamp()
) ENGINE=InnoDB DEFAULT CHARSET=utf8mb4 COLLATE=utf8mb4_unicode_ci;

-- --------------------------------------------------------

--
-- Table structure for table `governorates`
--

CREATE TABLE `governorates` (
  `id` int(11) NOT NULL,
  `country_id` bigint(20) DEFAULT NULL,
  `governorate_name_ar` varchar(50) NOT NULL,
  `governorate_name_en` varchar(50) DEFAULT NULL
) ENGINE=InnoDB DEFAULT CHARSET=utf8;

--
-- Dumping data for table `governorates`
--

INSERT INTO `governorates` (`id`, `country_id`, `governorate_name_ar`, `governorate_name_en`) VALUES
(1, 1, 'ุงููุงูุฑุฉ', 'Cairo'),
(2, 1, 'ุงูุฌูุฒุฉ', 'Giza'),
(3, 1, 'ุงูุฃุณููุฏุฑูุฉ', 'Alexandria'),
(4, 1, 'ุงูุฏููููุฉ', 'Dakahlia'),
(5, 1, 'ุงูุจุญุฑ ุงูุฃุญูุฑ', 'Red Sea'),
(6, 1, 'ุงูุจุญูุฑุฉ', 'Beheira'),
(7, 1, 'ุงููููู', 'Fayoum'),
(8, 1, 'ุงูุบุฑุจูุฉ', 'Gharbiya'),
(9, 1, 'ุงูุฅุณูุงุนููุฉ', 'Ismailia'),
(10, 1, 'ุงููููููุฉ', 'Menofia'),
(11, 1, 'ุงููููุง', 'Minya'),
(12, 1, 'ุงูููููุจูุฉ', 'Qaliubiya'),
(13, 1, 'ุงููุงุฏู ุงูุฌุฏูุฏ', 'New Valley'),
(14, 1, 'ุงูุณููุณ', 'Suez'),
(15, 1, 'ุงุณูุงู', 'Aswan'),
(16, 1, 'ุงุณููุท', 'Assiut'),
(17, 1, 'ุจูู ุณููู', 'Beni Suef'),
(18, 1, 'ุจูุฑุณุนูุฏ', 'Port Said'),
(19, 1, 'ุฏููุงุท', 'Damietta'),
(20, 1, 'ุงูุดุฑููุฉ', 'Sharkia'),
(21, 1, 'ุฌููุจ ุณููุงุก', 'South Sinai'),
(22, 1, 'ููุฑ ุงูุดูุฎ', 'Kafr Al sheikh'),
(23, 1, 'ูุทุฑูุญ', 'Matrouh'),
(24, 1, 'ุงูุฃูุตุฑ', 'Luxor'),
(25, 1, 'ููุง', 'Qena'),
(26, 1, 'ุดูุงู ุณููุงุก', 'North Sinai'),
(27, 1, 'ุณููุงุฌ', 'Sohag'),
(28, 2, 'ุงูุฑูุงุถ', NULL),
(29, 2, 'ููุฉ ุงูููุฑูุฉ', NULL),
(30, 2, 'ุงููุฏููุฉ ุงููููุฑุฉ', NULL),
(31, 2, 'ุงููุตูู', NULL),
(32, 2, 'ุงูููุทูุฉ ุงูุดุฑููุฉ', NULL),
(33, 2, 'ุนุณูุฑ', NULL),
(34, 2, 'ุชุจูู', NULL),
(35, 2, 'ุญุงุฆู', NULL),
(36, 2, 'ุงูุญุฏูุฏ ุงูุดูุงููุฉ', NULL),
(37, 2, 'ุฌุงุฒุงู', NULL),
(38, 2, 'ูุฌุฑุงู', NULL),
(39, 2, 'ุงูุจุงุญู', NULL),
(40, 2, 'ุงูุฌูู', NULL);

-- --------------------------------------------------------

--
-- Table structure for table `migrations`
--

CREATE TABLE `migrations` (
  `id` int(10) UNSIGNED NOT NULL,
  `migration` varchar(255) COLLATE utf8mb4_unicode_ci NOT NULL,
  `batch` int(11) NOT NULL
) ENGINE=InnoDB DEFAULT CHARSET=utf8mb4 COLLATE=utf8mb4_unicode_ci;

--
-- Dumping data for table `migrations`
--

INSERT INTO `migrations` (`id`, `migration`, `batch`) VALUES
(1, '2014_10_12_000000_create_users_table', 1),
(2, '2014_10_12_100000_create_password_resets_table', 1),
(3, '2018_07_15_002159_create_providers_table', 1),
(4, '2019_08_19_000000_create_failed_jobs_table', 1),
(5, '2019_12_14_000001_create_personal_access_tokens_table', 1),
(6, '2022_03_20_121123_create_categories_table', 1),
(7, '2022_03_20_121202_create_products_table', 1),
(8, '2022_03_20_121243_create_sliders_table', 1),
(9, '2022_03_20_123415_create_admins_table', 1),
(10, '2022_03_20_134518_create_settings_table', 1),
(11, '2022_07_15_165820_create_product_images_table', 2),
(12, '2022_07_16_193305_create_clean_time_conditions_table', 3),
(13, '2022_07_16_225902_create_user_filter_clean_times_table', 4),
(14, '2022_07_17_165935_create_tokens_table', 5),
(15, '2022_07_25_230017_create_orders_table', 6),
(16, '2022_07_25_230614_create_order_details_table', 6),
(17, '2022_07_26_000647_create_contacts_table', 7),
(18, '2022_07_26_002032_create_explanations_table', 8),
(19, '2022_07_26_002252_create_explanation_tags_table', 8),
(20, '2022_07_26_011210_create_notifications_table', 9),
(21, '2022_08_08_024435_create_permission_tables', 10);

-- --------------------------------------------------------

--
-- Table structure for table `model_has_permissions`
--

CREATE TABLE `model_has_permissions` (
  `permission_id` bigint(20) UNSIGNED NOT NULL,
  `model_type` varchar(255) COLLATE utf8mb4_unicode_ci NOT NULL,
  `model_id` bigint(20) UNSIGNED NOT NULL
) ENGINE=InnoDB DEFAULT CHARSET=utf8mb4 COLLATE=utf8mb4_unicode_ci;

-- --------------------------------------------------------

--
-- Table structure for table `model_has_roles`
--

CREATE TABLE `model_has_roles` (
  `role_id` bigint(20) UNSIGNED NOT NULL,
  `model_type` varchar(255) COLLATE utf8mb4_unicode_ci NOT NULL,
  `model_id` bigint(20) UNSIGNED NOT NULL
) ENGINE=InnoDB DEFAULT CHARSET=utf8mb4 COLLATE=utf8mb4_unicode_ci;

--
-- Dumping data for table `model_has_roles`
--

INSERT INTO `model_has_roles` (`role_id`, `model_type`, `model_id`) VALUES
(1, 'App\\Models\\Admin', 2),
(2, 'App\\Models\\Admin', 2),
(5, 'App\\Models\\Admin', 1);

-- --------------------------------------------------------

--
-- Table structure for table `notifications`
--

CREATE TABLE `notifications` (
  `id` bigint(20) UNSIGNED NOT NULL,
  `user_id` bigint(20) UNSIGNED DEFAULT NULL,
  `provider_id` bigint(20) UNSIGNED DEFAULT NULL,
  `order_id` bigint(20) DEFAULT NULL,
  `title` varchar(255) COLLATE utf8mb4_unicode_ci DEFAULT NULL,
  `message` text COLLATE utf8mb4_unicode_ci DEFAULT NULL,
  `type` varchar(255) COLLATE utf8mb4_unicode_ci DEFAULT NULL COMMENT '100 ูุจู ุงุณุจูุน ู 200 ูุจู ููู ู 300 ุจุนุฏ 15 ููู',
  `candle_number` varchar(255) COLLATE utf8mb4_unicode_ci DEFAULT NULL,
  `day` date DEFAULT NULL,
  `is_read` enum('0','1') COLLATE utf8mb4_unicode_ci NOT NULL DEFAULT '0',
  `created_at` timestamp NULL DEFAULT NULL,
  `updated_at` timestamp NULL DEFAULT NULL
) ENGINE=InnoDB DEFAULT CHARSET=utf8mb4 COLLATE=utf8mb4_unicode_ci;

--
-- Dumping data for table `notifications`
--

INSERT INTO `notifications` (`id`, `user_id`, `provider_id`, `order_id`, `title`, `message`, `type`, `candle_number`, `day`, `is_read`, `created_at`, `updated_at`) VALUES
(591, 3, NULL, NULL, '', '๐ฅฐ๐น๐ฅฐ Test', '500', NULL, NULL, '0', '2022-08-09 20:47:14', '2022-08-09 20:47:14'),
(592, 4, NULL, NULL, '', '๐ฅฐ๐น๐ฅฐ Test', '500', NULL, NULL, '0', '2022-08-09 20:47:14', '2022-08-09 20:47:14'),
(594, 3, NULL, NULL, '', '๐ฅฐ๐น๐ฅฐ Test', '500', NULL, NULL, '0', '2022-08-09 20:47:14', '2022-08-09 20:47:14'),
(596, 3, NULL, NULL, '', '๐ฅฐ๐น๐ฅฐ Test', '500', NULL, NULL, '0', '2022-08-09 20:47:15', '2022-08-09 20:47:15'),
(597, 3, NULL, NULL, '', '๐ฅฐ๐น๐ฅฐ Test', '500', NULL, NULL, '0', '2022-08-09 20:47:15', '2022-08-09 20:47:15'),
(598, 3, NULL, NULL, '', '๐ฅฐ๐น๐ฅฐ Test', '500', NULL, NULL, '0', '2022-08-09 20:47:15', '2022-08-09 20:47:15'),
(599, 3, NULL, NULL, '', '๐ฅฐ๐น๐ฅฐ Test', '500', NULL, NULL, '0', '2022-08-09 20:47:15', '2022-08-09 20:47:15'),
(600, 6, NULL, NULL, '', '๐ฅฐ๐น๐ฅฐ Test', '500', NULL, NULL, '0', '2022-08-09 20:47:15', '2022-08-09 20:47:15'),
(601, 3, NULL, NULL, '', '๐ฅฐ๐น๐ฅฐ Test', '500', NULL, NULL, '0', '2022-08-09 20:47:15', '2022-08-09 20:47:15'),
(603, 3, NULL, NULL, '', '๐ฅฐ๐น๐ฅฐ Test', '500', NULL, NULL, '0', '2022-08-09 20:47:15', '2022-08-09 20:47:15'),
(604, 3, NULL, NULL, '', '๐ฅฐ๐น๐ฅฐ Test', '500', NULL, NULL, '0', '2022-08-09 20:47:16', '2022-08-09 20:47:16'),
(605, 7, NULL, NULL, '', '๐ฅฐ๐น๐ฅฐ Test', '500', NULL, NULL, '0', '2022-08-09 20:47:16', '2022-08-09 20:47:16'),
(606, 3, NULL, NULL, '', '๐ฅฐ๐น๐ฅฐ Test', '500', NULL, NULL, '0', '2022-08-09 20:47:16', '2022-08-09 20:47:16'),
(607, 8, NULL, NULL, '', '๐ฅฐ๐น๐ฅฐ Test', '500', NULL, NULL, '0', '2022-08-09 20:47:16', '2022-08-09 20:47:16'),
(610, 10, NULL, NULL, '', '๐ฅฐ๐น๐ฅฐ Test', '500', NULL, NULL, '0', '2022-08-09 20:47:16', '2022-08-09 20:47:16'),
(611, 3, NULL, NULL, '', '๐ฅฐ๐น๐ฅฐ Test', '500', NULL, NULL, '0', '2022-08-09 20:47:16', '2022-08-09 20:47:16'),
(612, 3, NULL, NULL, '', '๐ฅฐ๐น๐ฅฐ Test', '500', NULL, NULL, '0', '2022-08-09 20:47:16', '2022-08-09 20:47:16'),
(613, 22, NULL, NULL, '', '๐ฅฐ๐น๐ฅฐ Test', '500', NULL, NULL, '0', '2022-08-09 20:47:16', '2022-08-09 20:47:16'),
(614, 7, NULL, NULL, '', '๐ฅฐ๐น๐ฅฐ Test', '500', NULL, NULL, '0', '2022-08-09 20:47:16', '2022-08-09 20:47:16'),
(615, 3, NULL, NULL, '', '๐ฅฐ๐น๐ฅฐ Test', '500', NULL, NULL, '0', '2022-08-09 20:47:16', '2022-08-09 20:47:16'),
(616, 23, NULL, NULL, '', '๐ฅฐ๐น๐ฅฐ Test', '500', NULL, NULL, '0', '2022-08-09 20:47:16', '2022-08-09 20:47:16'),
(621, 24, NULL, NULL, '', '๐ฅฐ๐น๐ฅฐ Test', '500', NULL, NULL, '0', '2022-08-09 20:47:17', '2022-08-09 20:47:17'),
(626, 3, NULL, NULL, '', '๐ฅฐ๐น๐ฅฐ Test', '500', NULL, NULL, '0', '2022-08-09 20:47:17', '2022-08-09 20:47:17'),
(627, 3, NULL, NULL, '', '๐ฅฐ๐น๐ฅฐ Test', '500', NULL, NULL, '0', '2022-08-09 20:47:17', '2022-08-09 20:47:17'),
(628, 8, NULL, NULL, '', '๐ฅฐ๐น๐ฅฐ Test', '500', NULL, NULL, '0', '2022-08-09 20:47:17', '2022-08-09 20:47:17'),
(635, 24, NULL, NULL, '', '๐ฅฐ๐น๐ฅฐ Test', '500', NULL, NULL, '0', '2022-08-09 20:47:18', '2022-08-09 20:47:18'),
(636, 26, NULL, NULL, '', '๐ฅฐ๐น๐ฅฐ Test', '500', NULL, NULL, '0', '2022-08-09 20:47:18', '2022-08-09 20:47:18'),
(640, NULL, 4, NULL, '', '๐ฅฐ๐น๐ฅฐ Test', '500', NULL, NULL, '0', '2022-08-09 20:47:18', '2022-08-09 20:47:18'),
(641, 28, NULL, NULL, '', '๐ฅฐ๐น๐ฅฐ Test', '500', NULL, NULL, '1', '2022-08-09 20:47:18', '2022-08-11 10:22:02'),
(644, 7, NULL, NULL, '', '๐ฅฐ๐น๐ฅฐ Test', '500', NULL, NULL, '0', '2022-08-09 20:47:19', '2022-08-09 20:47:19'),
(648, 28, NULL, NULL, '', '๐ฅฐ๐น๐ฅฐ Test', '500', NULL, NULL, '1', '2022-08-09 20:47:19', '2022-08-11 10:22:02'),
(649, 8, NULL, NULL, '', 'ูุฑุฌู ุงูุงูุชุจุงู ุจุฃู ููุนุฏ ุชุบููุฑ ุงูุดูุนุฉ ุฑูู 1 ุจุนุฏ ููู', '200', '1', NULL, '0', '2022-08-10 02:00:04', '2022-08-10 02:00:04'),
(650, 24, NULL, NULL, '', 'ูุฐูุฑู ุจุฃู ููุนุงุฏ ุชุบููุฑ ุงูุดูุนุฉ ุฑูู 1 ูุงู ููู 2022-08-05 ูู ุชุฑูุฏ ุชุฃููุฏ ุงูุชุบููุฑ ุ', '300', '1', '2022-08-05', '0', '2022-08-10 02:00:04', '2022-08-10 02:00:04'),
(651, 28, NULL, NULL, '', 'ูุฑุฌู ุงูุงูุชุจุงู ุจุฃู ููุนุฏ ุชุบููุฑ ุงูุดูุนุฉ ุฑูู 1 ุจุนุฏ ููู', '200', '1', NULL, '1', '2022-08-10 02:00:04', '2022-08-11 10:22:02'),
(652, 28, NULL, NULL, '', 'ูุฑุฌู ุงูุงูุชุจุงู ุจุฃู ููุนุฏ ุชุบููุฑ ุงูุดูุนุฉ ุฑูู 2 ุจุนุฏ ููู', '200', '2', NULL, '1', '2022-08-10 02:00:05', '2022-08-11 10:22:02'),
(653, 28, NULL, NULL, '', 'ูุฑุฌู ุงูุงูุชุจุงู ุจุฃู ููุนุฏ ุชุบููุฑ ุงูุดูุนุฉ ุฑูู 3 ุจุนุฏ ููู', '200', '3', NULL, '1', '2022-08-10 02:00:05', '2022-08-11 10:22:02'),
(654, 28, NULL, NULL, '', 'ูุฑุฌู ุงูุงูุชุจุงู ุจุฃู ููุนุฏ ุชุบููุฑ ุงูุดูุนุฉ ุฑูู 5 ุจุนุฏ ููู', '200', '5', NULL, '1', '2022-08-10 02:00:05', '2022-08-11 10:22:02'),
(655, 28, NULL, NULL, '', 'ูุฑุฌู ุงูุงูุชุจุงู ุจุฃู ููุนุฏ ุชุบููุฑ ุงูุดูุนุฉ ุฑูู 6 ุจุนุฏ ููู', '200', '6', NULL, '1', '2022-08-10 02:00:05', '2022-08-11 10:22:02'),
(663, NULL, 9, 25, '', 'ููุงู ุทูุจ ุฌุฏูุฏ ูู', '0', NULL, NULL, '1', '2022-08-11 11:29:49', '2022-08-11 17:27:44'),
(666, NULL, 9, 26, '', 'ููุงู ุทูุจ ุฌุฏูุฏ ูู', '0', NULL, NULL, '1', '2022-08-12 00:32:45', '2022-08-12 00:33:45'),
(667, NULL, 16, NULL, '', 'ุชู ุงูููุงููุฉ ุนูู ุงูููุชุฌ ููู ุงูุงู ูุชุงุญ ูู ุงููุชุฌุฑ', '500', NULL, NULL, '1', '2022-08-12 00:56:08', '2022-08-12 01:01:03'),
(668, NULL, 16, 27, '', 'ููุงู ุทูุจ ุฌุฏูุฏ ูู', '0', NULL, NULL, '1', '2022-08-12 00:58:39', '2022-08-12 01:01:03'),
(669, 31, NULL, 27, '', 'ุชู ูุจูู ุทูุจู ุงููุณุฌู ุจุฑูู #27 ุจูุงุณุทุฉ ุจููุฑ ููุชุฑ', '0', NULL, NULL, '1', '2022-08-12 01:00:38', '2022-08-12 01:03:39'),
(670, 31, NULL, NULL, '', 'ุฌูุงุจ', '500', NULL, NULL, '0', '2022-08-12 01:21:35', '2022-08-12 01:21:35'),
(671, 3, NULL, NULL, '', 'ูุฑุญุจุง ุจุงูุนููุงุก ูุงูุชุฌุงุฑ', '500', NULL, NULL, '0', '2022-08-12 02:27:05', '2022-08-12 02:27:05'),
(672, 4, NULL, NULL, '', 'ูุฑุญุจุง ุจุงูุนููุงุก ูุงูุชุฌุงุฑ', '500', NULL, NULL, '0', '2022-08-12 02:27:05', '2022-08-12 02:27:05'),
(673, 5, NULL, NULL, '', 'ูุฑุญุจุง ุจุงูุนููุงุก ูุงูุชุฌุงุฑ', '500', NULL, NULL, '0', '2022-08-12 02:27:05', '2022-08-12 02:27:05'),
(674, 3, NULL, NULL, '', 'ูุฑุญุจุง ุจุงูุนููุงุก ูุงูุชุฌุงุฑ', '500', NULL, NULL, '0', '2022-08-12 02:27:05', '2022-08-12 02:27:05'),
(675, 5, NULL, NULL, '', 'ูุฑุญุจุง ุจุงูุนููุงุก ูุงูุชุฌุงุฑ', '500', NULL, NULL, '0', '2022-08-12 02:27:05', '2022-08-12 02:27:05'),
(676, 3, NULL, NULL, '', 'ูุฑุญุจุง ุจุงูุนููุงุก ูุงูุชุฌุงุฑ', '500', NULL, NULL, '0', '2022-08-12 02:27:05', '2022-08-12 02:27:05'),
(677, 3, NULL, NULL, '', 'ูุฑุญุจุง ุจุงูุนููุงุก ูุงูุชุฌุงุฑ', '500', NULL, NULL, '0', '2022-08-12 02:27:05', '2022-08-12 02:27:05'),
(678, 3, NULL, NULL, '', 'ูุฑุญุจุง ุจุงูุนููุงุก ูุงูุชุฌุงุฑ', '500', NULL, NULL, '0', '2022-08-12 02:27:05', '2022-08-12 02:27:05'),
(679, 3, NULL, NULL, '', 'ูุฑุญุจุง ุจุงูุนููุงุก ูุงูุชุฌุงุฑ', '500', NULL, NULL, '0', '2022-08-12 02:27:05', '2022-08-12 02:27:05'),
(680, 6, NULL, NULL, '', 'ูุฑุญุจุง ุจุงูุนููุงุก ูุงูุชุฌุงุฑ', '500', NULL, NULL, '0', '2022-08-12 02:27:05', '2022-08-12 02:27:05'),
(681, 3, NULL, NULL, '', 'ูุฑุญุจุง ุจุงูุนููุงุก ูุงูุชุฌุงุฑ', '500', NULL, NULL, '0', '2022-08-12 02:27:05', '2022-08-12 02:27:05'),
(682, 5, NULL, NULL, '', 'ูุฑุญุจุง ุจุงูุนููุงุก ูุงูุชุฌุงุฑ', '500', NULL, NULL, '0', '2022-08-12 02:27:05', '2022-08-12 02:27:05'),
(683, 3, NULL, NULL, '', 'ูุฑุญุจุง ุจุงูุนููุงุก ูุงูุชุฌุงุฑ', '500', NULL, NULL, '0', '2022-08-12 02:27:05', '2022-08-12 02:27:05'),
(684, 3, NULL, NULL, '', 'ูุฑุญุจุง ุจุงูุนููุงุก ูุงูุชุฌุงุฑ', '500', NULL, NULL, '0', '2022-08-12 02:27:05', '2022-08-12 02:27:05'),
(685, 7, NULL, NULL, '', 'ูุฑุญุจุง ุจุงูุนููุงุก ูุงูุชุฌุงุฑ', '500', NULL, NULL, '0', '2022-08-12 02:27:06', '2022-08-12 02:27:06'),
(686, 3, NULL, NULL, '', 'ูุฑุญุจุง ุจุงูุนููุงุก ูุงูุชุฌุงุฑ', '500', NULL, NULL, '0', '2022-08-12 02:27:06', '2022-08-12 02:27:06'),
(687, 8, NULL, NULL, '', 'ูุฑุญุจุง ุจุงูุนููุงุก ูุงูุชุฌุงุฑ', '500', NULL, NULL, '0', '2022-08-12 02:27:06', '2022-08-12 02:27:06'),
(688, 10, NULL, NULL, '', 'ูุฑุญุจุง ุจุงูุนููุงุก ูุงูุชุฌุงุฑ', '500', NULL, NULL, '0', '2022-08-12 02:27:06', '2022-08-12 02:27:06'),
(689, 3, NULL, NULL, '', 'ูุฑุญุจุง ุจุงูุนููุงุก ูุงูุชุฌุงุฑ', '500', NULL, NULL, '0', '2022-08-12 02:27:06', '2022-08-12 02:27:06'),
(690, 3, NULL, NULL, '', 'ูุฑุญุจุง ุจุงูุนููุงุก ูุงูุชุฌุงุฑ', '500', NULL, NULL, '0', '2022-08-12 02:27:06', '2022-08-12 02:27:06'),
(691, 22, NULL, NULL, '', 'ูุฑุญุจุง ุจุงูุนููุงุก ูุงูุชุฌุงุฑ', '500', NULL, NULL, '0', '2022-08-12 02:27:06', '2022-08-12 02:27:06'),
(692, 7, NULL, NULL, '', 'ูุฑุญุจุง ุจุงูุนููุงุก ูุงูุชุฌุงุฑ', '500', NULL, NULL, '0', '2022-08-12 02:27:06', '2022-08-12 02:27:06'),
(693, 3, NULL, NULL, '', 'ูุฑุญุจุง ุจุงูุนููุงุก ูุงูุชุฌุงุฑ', '500', NULL, NULL, '0', '2022-08-12 02:27:06', '2022-08-12 02:27:06'),
(694, 23, NULL, NULL, '', 'ูุฑุญุจุง ุจุงูุนููุงุก ูุงูุชุฌุงุฑ', '500', NULL, NULL, '0', '2022-08-12 02:27:06', '2022-08-12 02:27:06'),
(695, 5, NULL, NULL, '', 'ูุฑุญุจุง ุจุงูุนููุงุก ูุงูุชุฌุงุฑ', '500', NULL, NULL, '0', '2022-08-12 02:27:06', '2022-08-12 02:27:06'),
(696, 24, NULL, NULL, '', 'ูุฑุญุจุง ุจุงูุนููุงุก ูุงูุชุฌุงุฑ', '500', NULL, NULL, '0', '2022-08-12 02:27:06', '2022-08-12 02:27:06'),
(697, 3, NULL, NULL, '', 'ูุฑุญุจุง ุจุงูุนููุงุก ูุงูุชุฌุงุฑ', '500', NULL, NULL, '0', '2022-08-12 02:27:06', '2022-08-12 02:27:06'),
(698, 3, NULL, NULL, '', 'ูุฑุญุจุง ุจุงูุนููุงุก ูุงูุชุฌุงุฑ', '500', NULL, NULL, '0', '2022-08-12 02:27:06', '2022-08-12 02:27:06'),
(699, 8, NULL, NULL, '', 'ูุฑุญุจุง ุจุงูุนููุงุก ูุงูุชุฌุงุฑ', '500', NULL, NULL, '0', '2022-08-12 02:27:06', '2022-08-12 02:27:06'),
(700, 5, NULL, NULL, '', 'ูุฑุญุจุง ุจุงูุนููุงุก ูุงูุชุฌุงุฑ', '500', NULL, NULL, '0', '2022-08-12 02:27:06', '2022-08-12 02:27:06'),
(701, 24, NULL, NULL, '', 'ูุฑุญุจุง ุจุงูุนููุงุก ูุงูุชุฌุงุฑ', '500', NULL, NULL, '0', '2022-08-12 02:27:06', '2022-08-12 02:27:06'),
(702, 26, NULL, NULL, '', 'ูุฑุญุจุง ุจุงูุนููุงุก ูุงูุชุฌุงุฑ', '500', NULL, NULL, '0', '2022-08-12 02:27:06', '2022-08-12 02:27:06'),
(703, 5, NULL, NULL, '', 'ูุฑุญุจุง ุจุงูุนููุงุก ูุงูุชุฌุงุฑ', '500', NULL, NULL, '0', '2022-08-12 02:27:06', '2022-08-12 02:27:06'),
(704, NULL, 4, NULL, '', 'ูุฑุญุจุง ุจุงูุนููุงุก ูุงูุชุฌุงุฑ', '500', NULL, NULL, '0', '2022-08-12 02:27:06', '2022-08-12 02:27:06'),
(705, 28, NULL, NULL, '', 'ูุฑุญุจุง ุจุงูุนููุงุก ูุงูุชุฌุงุฑ', '500', NULL, NULL, '0', '2022-08-12 02:27:07', '2022-08-12 02:27:07'),
(706, 5, NULL, NULL, '', 'ูุฑุญุจุง ุจุงูุนููุงุก ูุงูุชุฌุงุฑ', '500', NULL, NULL, '0', '2022-08-12 02:27:07', '2022-08-12 02:27:07'),
(707, 7, NULL, NULL, '', 'ูุฑุญุจุง ุจุงูุนููุงุก ูุงูุชุฌุงุฑ', '500', NULL, NULL, '0', '2022-08-12 02:27:07', '2022-08-12 02:27:07'),
(708, 5, NULL, NULL, '', 'ูุฑุญุจุง ุจุงูุนููุงุก ูุงูุชุฌุงุฑ', '500', NULL, NULL, '0', '2022-08-12 02:27:07', '2022-08-12 02:27:07'),
(709, 28, NULL, NULL, '', 'ูุฑุญุจุง ุจุงูุนููุงุก ูุงูุชุฌุงุฑ', '500', NULL, NULL, '0', '2022-08-12 02:27:07', '2022-08-12 02:27:07'),
(710, 7, NULL, NULL, '', 'ูุฑุญุจุง ุจุงูุนููุงุก ูุงูุชุฌุงุฑ', '500', NULL, NULL, '0', '2022-08-12 02:27:07', '2022-08-12 02:27:07'),
(711, 30, NULL, NULL, '', 'ูุฑุญุจุง ุจุงูุนููุงุก ูุงูุชุฌุงุฑ', '500', NULL, NULL, '1', '2022-08-12 02:27:07', '2022-08-12 02:27:21'),
(712, 31, NULL, NULL, '', 'ูุฑุญุจุง ุจุงูุนููุงุก ูุงูุชุฌุงุฑ', '500', NULL, NULL, '0', '2022-08-12 02:27:07', '2022-08-12 02:27:07'),
(713, 3, NULL, NULL, '', 'ููุง ุจูู', '500', NULL, NULL, '0', '2022-08-12 02:28:58', '2022-08-12 02:28:58'),
(714, 4, NULL, NULL, '', 'ููุง ุจูู', '500', NULL, NULL, '0', '2022-08-12 02:28:58', '2022-08-12 02:28:58'),
(715, 5, NULL, NULL, '', 'ููุง ุจูู', '500', NULL, NULL, '0', '2022-08-12 02:28:58', '2022-08-12 02:28:58'),
(716, 3, NULL, NULL, '', 'ููุง ุจูู', '500', NULL, NULL, '0', '2022-08-12 02:28:59', '2022-08-12 02:28:59'),
(717, 5, NULL, NULL, '', 'ููุง ุจูู', '500', NULL, NULL, '0', '2022-08-12 02:28:59', '2022-08-12 02:28:59'),
(718, 3, NULL, NULL, '', 'ููุง ุจูู', '500', NULL, NULL, '0', '2022-08-12 02:28:59', '2022-08-12 02:28:59'),
(719, 3, NULL, NULL, '', 'ููุง ุจูู', '500', NULL, NULL, '0', '2022-08-12 02:28:59', '2022-08-12 02:28:59'),
(720, 3, NULL, NULL, '', 'ููุง ุจูู', '500', NULL, NULL, '0', '2022-08-12 02:28:59', '2022-08-12 02:28:59'),
(721, 3, NULL, NULL, '', 'ููุง ุจูู', '500', NULL, NULL, '0', '2022-08-12 02:28:59', '2022-08-12 02:28:59'),
(722, 6, NULL, NULL, '', 'ููุง ุจูู', '500', NULL, NULL, '0', '2022-08-12 02:28:59', '2022-08-12 02:28:59'),
(723, 3, NULL, NULL, '', 'ููุง ุจูู', '500', NULL, NULL, '0', '2022-08-12 02:28:59', '2022-08-12 02:28:59'),
(724, 5, NULL, NULL, '', 'ููุง ุจูู', '500', NULL, NULL, '0', '2022-08-12 02:28:59', '2022-08-12 02:28:59'),
(725, 3, NULL, NULL, '', 'ููุง ุจูู', '500', NULL, NULL, '0', '2022-08-12 02:28:59', '2022-08-12 02:28:59'),
(726, 3, NULL, NULL, '', 'ููุง ุจูู', '500', NULL, NULL, '0', '2022-08-12 02:28:59', '2022-08-12 02:28:59'),
(727, 7, NULL, NULL, '', 'ููุง ุจูู', '500', NULL, NULL, '0', '2022-08-12 02:28:59', '2022-08-12 02:28:59'),
(728, 3, NULL, NULL, '', 'ููุง ุจูู', '500', NULL, NULL, '0', '2022-08-12 02:28:59', '2022-08-12 02:28:59'),
(729, 8, NULL, NULL, '', 'ููุง ุจูู', '500', NULL, NULL, '0', '2022-08-12 02:28:59', '2022-08-12 02:28:59'),
(730, 10, NULL, NULL, '', 'ููุง ุจูู', '500', NULL, NULL, '0', '2022-08-12 02:28:59', '2022-08-12 02:28:59'),
(731, 3, NULL, NULL, '', 'ููุง ุจูู', '500', NULL, NULL, '0', '2022-08-12 02:28:59', '2022-08-12 02:28:59'),
(732, 3, NULL, NULL, '', 'ููุง ุจูู', '500', NULL, NULL, '0', '2022-08-12 02:28:59', '2022-08-12 02:28:59'),
(733, 22, NULL, NULL, '', 'ููุง ุจูู', '500', NULL, NULL, '0', '2022-08-12 02:28:59', '2022-08-12 02:28:59'),
(734, 7, NULL, NULL, '', 'ููุง ุจูู', '500', NULL, NULL, '0', '2022-08-12 02:28:59', '2022-08-12 02:28:59'),
(735, 3, NULL, NULL, '', 'ููุง ุจูู', '500', NULL, NULL, '0', '2022-08-12 02:28:59', '2022-08-12 02:28:59'),
(736, 23, NULL, NULL, '', 'ููุง ุจูู', '500', NULL, NULL, '0', '2022-08-12 02:29:00', '2022-08-12 02:29:00'),
(737, 5, NULL, NULL, '', 'ููุง ุจูู', '500', NULL, NULL, '0', '2022-08-12 02:29:00', '2022-08-12 02:29:00'),
(738, 24, NULL, NULL, '', 'ููุง ุจูู', '500', NULL, NULL, '0', '2022-08-12 02:29:00', '2022-08-12 02:29:00'),
(739, 3, NULL, NULL, '', 'ููุง ุจูู', '500', NULL, NULL, '0', '2022-08-12 02:29:00', '2022-08-12 02:29:00'),
(740, 3, NULL, NULL, '', 'ููุง ุจูู', '500', NULL, NULL, '0', '2022-08-12 02:29:00', '2022-08-12 02:29:00'),
(741, 8, NULL, NULL, '', 'ููุง ุจูู', '500', NULL, NULL, '0', '2022-08-12 02:29:00', '2022-08-12 02:29:00'),
(742, 5, NULL, NULL, '', 'ููุง ุจูู', '500', NULL, NULL, '0', '2022-08-12 02:29:00', '2022-08-12 02:29:00'),
(743, 24, NULL, NULL, '', 'ููุง ุจูู', '500', NULL, NULL, '0', '2022-08-12 02:29:00', '2022-08-12 02:29:00'),
(744, 26, NULL, NULL, '', 'ููุง ุจูู', '500', NULL, NULL, '0', '2022-08-12 02:29:00', '2022-08-12 02:29:00'),
(745, 5, NULL, NULL, '', 'ููุง ุจูู', '500', NULL, NULL, '0', '2022-08-12 02:29:00', '2022-08-12 02:29:00'),
(746, NULL, 4, NULL, '', 'ููุง ุจูู', '500', NULL, NULL, '0', '2022-08-12 02:29:00', '2022-08-12 02:29:00'),
(747, 28, NULL, NULL, '', 'ููุง ุจูู', '500', NULL, NULL, '0', '2022-08-12 02:29:00', '2022-08-12 02:29:00'),
(748, 5, NULL, NULL, '', 'ููุง ุจูู', '500', NULL, NULL, '0', '2022-08-12 02:29:00', '2022-08-12 02:29:00'),
(749, 7, NULL, NULL, '', 'ููุง ุจูู', '500', NULL, NULL, '0', '2022-08-12 02:29:00', '2022-08-12 02:29:00'),
(750, 5, NULL, NULL, '', 'ููุง ุจูู', '500', NULL, NULL, '0', '2022-08-12 02:29:00', '2022-08-12 02:29:00'),
(751, 28, NULL, NULL, '', 'ููุง ุจูู', '500', NULL, NULL, '0', '2022-08-12 02:29:00', '2022-08-12 02:29:00'),
(752, 7, NULL, NULL, '', 'ููุง ุจูู', '500', NULL, NULL, '0', '2022-08-12 02:29:00', '2022-08-12 02:29:00'),
(753, 31, NULL, NULL, '', 'ููุง ุจูู', '500', NULL, NULL, '0', '2022-08-12 02:29:00', '2022-08-12 02:29:00'),
(754, 10, NULL, NULL, '', 'ููุง ุจูู', '500', NULL, NULL, '0', '2022-08-12 02:29:01', '2022-08-12 02:29:01'),
(755, 3, NULL, NULL, '', 'ุชู', '500', NULL, NULL, '0', '2022-08-12 02:32:04', '2022-08-12 02:32:04'),
(756, 4, NULL, NULL, '', 'ุชู', '500', NULL, NULL, '0', '2022-08-12 02:32:04', '2022-08-12 02:32:04'),
(757, 5, NULL, NULL, '', 'ุชู', '500', NULL, NULL, '0', '2022-08-12 02:32:04', '2022-08-12 02:32:04'),
(758, 3, NULL, NULL, '', 'ุชู', '500', NULL, NULL, '0', '2022-08-12 02:32:04', '2022-08-12 02:32:04'),
(759, 5, NULL, NULL, '', 'ุชู', '500', NULL, NULL, '0', '2022-08-12 02:32:04', '2022-08-12 02:32:04'),
(760, 3, NULL, NULL, '', 'ุชู', '500', NULL, NULL, '0', '2022-08-12 02:32:04', '2022-08-12 02:32:04'),
(761, 3, NULL, NULL, '', 'ุชู', '500', NULL, NULL, '0', '2022-08-12 02:32:04', '2022-08-12 02:32:04'),
(762, 3, NULL, NULL, '', 'ุชู', '500', NULL, NULL, '0', '2022-08-12 02:32:04', '2022-08-12 02:32:04'),
(763, 3, NULL, NULL, '', 'ุชู', '500', NULL, NULL, '0', '2022-08-12 02:32:04', '2022-08-12 02:32:04'),
(764, 6, NULL, NULL, '', 'ุชู', '500', NULL, NULL, '0', '2022-08-12 02:32:04', '2022-08-12 02:32:04'),
(765, 3, NULL, NULL, '', 'ุชู', '500', NULL, NULL, '0', '2022-08-12 02:32:04', '2022-08-12 02:32:04'),
(766, 5, NULL, NULL, '', 'ุชู', '500', NULL, NULL, '0', '2022-08-12 02:32:04', '2022-08-12 02:32:04'),
(767, 3, NULL, NULL, '', 'ุชู', '500', NULL, NULL, '0', '2022-08-12 02:32:04', '2022-08-12 02:32:04'),
(768, 3, NULL, NULL, '', 'ุชู', '500', NULL, NULL, '0', '2022-08-12 02:32:04', '2022-08-12 02:32:04'),
(769, 7, NULL, NULL, '', 'ุชู', '500', NULL, NULL, '0', '2022-08-12 02:32:04', '2022-08-12 02:32:04'),
(770, 3, NULL, NULL, '', 'ุชู', '500', NULL, NULL, '0', '2022-08-12 02:32:05', '2022-08-12 02:32:05'),
(771, 8, NULL, NULL, '', 'ุชู', '500', NULL, NULL, '0', '2022-08-12 02:32:05', '2022-08-12 02:32:05'),
(772, 10, NULL, NULL, '', 'ุชู', '500', NULL, NULL, '0', '2022-08-12 02:32:05', '2022-08-12 02:32:05'),
(773, 3, NULL, NULL, '', 'ุชู', '500', NULL, NULL, '0', '2022-08-12 02:32:05', '2022-08-12 02:32:05'),
(774, 3, NULL, NULL, '', 'ุชู', '500', NULL, NULL, '0', '2022-08-12 02:32:05', '2022-08-12 02:32:05'),
(775, 22, NULL, NULL, '', 'ุชู', '500', NULL, NULL, '0', '2022-08-12 02:32:05', '2022-08-12 02:32:05'),
(776, 7, NULL, NULL, '', 'ุชู', '500', NULL, NULL, '0', '2022-08-12 02:32:05', '2022-08-12 02:32:05'),
(777, 3, NULL, NULL, '', 'ุชู', '500', NULL, NULL, '0', '2022-08-12 02:32:05', '2022-08-12 02:32:05'),
(778, 23, NULL, NULL, '', 'ุชู', '500', NULL, NULL, '0', '2022-08-12 02:32:05', '2022-08-12 02:32:05'),
(779, 5, NULL, NULL, '', 'ุชู', '500', NULL, NULL, '0', '2022-08-12 02:32:05', '2022-08-12 02:32:05'),
(780, 24, NULL, NULL, '', 'ุชู', '500', NULL, NULL, '0', '2022-08-12 02:32:05', '2022-08-12 02:32:05'),
(781, 3, NULL, NULL, '', 'ุชู', '500', NULL, NULL, '0', '2022-08-12 02:32:05', '2022-08-12 02:32:05'),
(782, 3, NULL, NULL, '', 'ุชู', '500', NULL, NULL, '0', '2022-08-12 02:32:05', '2022-08-12 02:32:05'),
(783, 8, NULL, NULL, '', 'ุชู', '500', NULL, NULL, '0', '2022-08-12 02:32:05', '2022-08-12 02:32:05'),
(784, 5, NULL, NULL, '', 'ุชู', '500', NULL, NULL, '0', '2022-08-12 02:32:05', '2022-08-12 02:32:05'),
(785, 24, NULL, NULL, '', 'ุชู', '500', NULL, NULL, '0', '2022-08-12 02:32:05', '2022-08-12 02:32:05'),
(786, 26, NULL, NULL, '', 'ุชู', '500', NULL, NULL, '0', '2022-08-12 02:32:05', '2022-08-12 02:32:05'),
(787, 5, NULL, NULL, '', 'ุชู', '500', NULL, NULL, '0', '2022-08-12 02:32:05', '2022-08-12 02:32:05'),
(788, NULL, 4, NULL, '', 'ุชู', '500', NULL, NULL, '0', '2022-08-12 02:32:06', '2022-08-12 02:32:06'),
(789, 28, NULL, NULL, '', 'ุชู', '500', NULL, NULL, '0', '2022-08-12 02:32:06', '2022-08-12 02:32:06'),
(790, 5, NULL, NULL, '', 'ุชู', '500', NULL, NULL, '0', '2022-08-12 02:32:06', '2022-08-12 02:32:06'),
(791, 7, NULL, NULL, '', 'ุชู', '500', NULL, NULL, '0', '2022-08-12 02:32:06', '2022-08-12 02:32:06'),
(792, 5, NULL, NULL, '', 'ุชู', '500', NULL, NULL, '0', '2022-08-12 02:32:06', '2022-08-12 02:32:06'),
(793, 28, NULL, NULL, '', 'ุชู', '500', NULL, NULL, '0', '2022-08-12 02:32:06', '2022-08-12 02:32:06'),
(794, 7, NULL, NULL, '', 'ุชู', '500', NULL, NULL, '0', '2022-08-12 02:32:06', '2022-08-12 02:32:06'),
(795, 31, NULL, NULL, '', 'ุชู', '500', NULL, NULL, '0', '2022-08-12 02:32:06', '2022-08-12 02:32:06'),
(796, 10, NULL, NULL, '', 'ุชู', '500', NULL, NULL, '0', '2022-08-12 02:32:06', '2022-08-12 02:32:06'),
(797, NULL, 5, 29, '', 'ููุงู ุทูุจ ุฌุฏูุฏ ูู', '0', NULL, NULL, '0', '2022-08-12 02:39:20', '2022-08-12 02:39:20'),
(798, NULL, 4, 30, '', 'ููุงู ุทูุจ ุฌุฏูุฏ ูู', '0', NULL, NULL, '0', '2022-08-12 02:40:25', '2022-08-12 02:40:25'),
(799, NULL, 4, 31, '', 'ููุงู ุทูุจ ุฌุฏูุฏ ูู', '0', NULL, NULL, '0', '2022-08-12 02:40:37', '2022-08-12 02:40:37'),
(800, 3, NULL, NULL, '', 'high', '500', NULL, NULL, '0', '2022-08-12 02:41:43', '2022-08-12 02:41:43'),
(801, 4, NULL, NULL, '', 'high', '500', NULL, NULL, '0', '2022-08-12 02:41:43', '2022-08-12 02:41:43'),
(802, 5, NULL, NULL, '', 'high', '500', NULL, NULL, '0', '2022-08-12 02:41:43', '2022-08-12 02:41:43'),
(803, 3, NULL, NULL, '', 'high', '500', NULL, NULL, '0', '2022-08-12 02:41:43', '2022-08-12 02:41:43'),
(804, 5, NULL, NULL, '', 'high', '500', NULL, NULL, '0', '2022-08-12 02:41:43', '2022-08-12 02:41:43'),
(805, 3, NULL, NULL, '', 'high', '500', NULL, NULL, '0', '2022-08-12 02:41:43', '2022-08-12 02:41:43'),
(806, 3, NULL, NULL, '', 'high', '500', NULL, NULL, '0', '2022-08-12 02:41:43', '2022-08-12 02:41:43'),
(807, 3, NULL, NULL, '', 'high', '500', NULL, NULL, '0', '2022-08-12 02:41:43', '2022-08-12 02:41:43'),
(808, 3, NULL, NULL, '', 'high', '500', NULL, NULL, '0', '2022-08-12 02:41:43', '2022-08-12 02:41:43'),
(809, 6, NULL, NULL, '', 'high', '500', NULL, NULL, '0', '2022-08-12 02:41:43', '2022-08-12 02:41:43'),
(810, 3, NULL, NULL, '', 'high', '500', NULL, NULL, '0', '2022-08-12 02:41:43', '2022-08-12 02:41:43'),
(811, 5, NULL, NULL, '', 'high', '500', NULL, NULL, '0', '2022-08-12 02:41:43', '2022-08-12 02:41:43'),
(812, 3, NULL, NULL, '', 'high', '500', NULL, NULL, '0', '2022-08-12 02:41:43', '2022-08-12 02:41:43'),
(813, 3, NULL, NULL, '', 'high', '500', NULL, NULL, '0', '2022-08-12 02:41:43', '2022-08-12 02:41:43'),
(814, 7, NULL, NULL, '', 'high', '500', NULL, NULL, '0', '2022-08-12 02:41:43', '2022-08-12 02:41:43'),
(815, 3, NULL, NULL, '', 'high', '500', NULL, NULL, '0', '2022-08-12 02:41:43', '2022-08-12 02:41:43'),
(816, 8, NULL, NULL, '', 'high', '500', NULL, NULL, '0', '2022-08-12 02:41:43', '2022-08-12 02:41:43'),
(817, 10, NULL, NULL, '', 'high', '500', NULL, NULL, '0', '2022-08-12 02:41:44', '2022-08-12 02:41:44'),
(818, 3, NULL, NULL, '', 'high', '500', NULL, NULL, '0', '2022-08-12 02:41:44', '2022-08-12 02:41:44'),
(819, 3, NULL, NULL, '', 'high', '500', NULL, NULL, '0', '2022-08-12 02:41:44', '2022-08-12 02:41:44'),
(820, 22, NULL, NULL, '', 'high', '500', NULL, NULL, '0', '2022-08-12 02:41:44', '2022-08-12 02:41:44'),
(821, 7, NULL, NULL, '', 'high', '500', NULL, NULL, '0', '2022-08-12 02:41:44', '2022-08-12 02:41:44'),
(822, 3, NULL, NULL, '', 'high', '500', NULL, NULL, '0', '2022-08-12 02:41:44', '2022-08-12 02:41:44'),
(823, 23, NULL, NULL, '', 'high', '500', NULL, NULL, '0', '2022-08-12 02:41:44', '2022-08-12 02:41:44'),
(824, 5, NULL, NULL, '', 'high', '500', NULL, NULL, '0', '2022-08-12 02:41:44', '2022-08-12 02:41:44'),
(825, 24, NULL, NULL, '', 'high', '500', NULL, NULL, '0', '2022-08-12 02:41:44', '2022-08-12 02:41:44'),
(826, 3, NULL, NULL, '', 'high', '500', NULL, NULL, '0', '2022-08-12 02:41:44', '2022-08-12 02:41:44'),
(827, 3, NULL, NULL, '', 'high', '500', NULL, NULL, '0', '2022-08-12 02:41:44', '2022-08-12 02:41:44'),
(828, 8, NULL, NULL, '', 'high', '500', NULL, NULL, '0', '2022-08-12 02:41:44', '2022-08-12 02:41:44'),
(829, 5, NULL, NULL, '', 'high', '500', NULL, NULL, '0', '2022-08-12 02:41:44', '2022-08-12 02:41:44'),
(830, 24, NULL, NULL, '', 'high', '500', NULL, NULL, '0', '2022-08-12 02:41:44', '2022-08-12 02:41:44'),
(831, 26, NULL, NULL, '', 'high', '500', NULL, NULL, '0', '2022-08-12 02:41:44', '2022-08-12 02:41:44'),
(832, 5, NULL, NULL, '', 'high', '500', NULL, NULL, '0', '2022-08-12 02:41:44', '2022-08-12 02:41:44'),
(833, NULL, 4, NULL, '', 'high', '500', NULL, NULL, '0', '2022-08-12 02:41:44', '2022-08-12 02:41:44'),
(834, 28, NULL, NULL, '', 'high', '500', NULL, NULL, '0', '2022-08-12 02:41:44', '2022-08-12 02:41:44'),
(835, 5, NULL, NULL, '', 'high', '500', NULL, NULL, '0', '2022-08-12 02:41:44', '2022-08-12 02:41:44'),
(836, 7, NULL, NULL, '', 'high', '500', NULL, NULL, '0', '2022-08-12 02:41:44', '2022-08-12 02:41:44'),
(837, 5, NULL, NULL, '', 'high', '500', NULL, NULL, '0', '2022-08-12 02:41:45', '2022-08-12 02:41:45'),
(838, 28, NULL, NULL, '', 'high', '500', NULL, NULL, '0', '2022-08-12 02:41:45', '2022-08-12 02:41:45'),
(839, 7, NULL, NULL, '', 'high', '500', NULL, NULL, '0', '2022-08-12 02:41:45', '2022-08-12 02:41:45'),
(840, 31, NULL, NULL, '', 'high', '500', NULL, NULL, '0', '2022-08-12 02:41:45', '2022-08-12 02:41:45'),
(841, 10, NULL, NULL, '', 'high', '500', NULL, NULL, '0', '2022-08-12 02:41:45', '2022-08-12 02:41:45'),
(842, 3, NULL, NULL, '', '1222', '500', NULL, NULL, '0', '2022-08-12 02:43:28', '2022-08-12 02:43:28'),
(843, 4, NULL, NULL, '', '1222', '500', NULL, NULL, '0', '2022-08-12 02:43:28', '2022-08-12 02:43:28'),
(844, 5, NULL, NULL, '', '1222', '500', NULL, NULL, '0', '2022-08-12 02:43:28', '2022-08-12 02:43:28'),
(845, 3, NULL, NULL, '', '1222', '500', NULL, NULL, '0', '2022-08-12 02:43:28', '2022-08-12 02:43:28'),
(846, 5, NULL, NULL, '', '1222', '500', NULL, NULL, '0', '2022-08-12 02:43:28', '2022-08-12 02:43:28'),
(847, 3, NULL, NULL, '', '1222', '500', NULL, NULL, '0', '2022-08-12 02:43:28', '2022-08-12 02:43:28'),
(848, 3, NULL, NULL, '', '1222', '500', NULL, NULL, '0', '2022-08-12 02:43:28', '2022-08-12 02:43:28'),
(849, 3, NULL, NULL, '', '1222', '500', NULL, NULL, '0', '2022-08-12 02:43:28', '2022-08-12 02:43:28'),
(850, 3, NULL, NULL, '', '1222', '500', NULL, NULL, '0', '2022-08-12 02:43:28', '2022-08-12 02:43:28'),
(851, 6, NULL, NULL, '', '1222', '500', NULL, NULL, '0', '2022-08-12 02:43:29', '2022-08-12 02:43:29'),
(852, 3, NULL, NULL, '', '1222', '500', NULL, NULL, '0', '2022-08-12 02:43:29', '2022-08-12 02:43:29'),
(853, 5, NULL, NULL, '', '1222', '500', NULL, NULL, '0', '2022-08-12 02:43:29', '2022-08-12 02:43:29'),
(854, 3, NULL, NULL, '', '1222', '500', NULL, NULL, '0', '2022-08-12 02:43:29', '2022-08-12 02:43:29'),
(855, 3, NULL, NULL, '', '1222', '500', NULL, NULL, '0', '2022-08-12 02:43:29', '2022-08-12 02:43:29'),
(856, 7, NULL, NULL, '', '1222', '500', NULL, NULL, '0', '2022-08-12 02:43:29', '2022-08-12 02:43:29'),
(857, 3, NULL, NULL, '', '1222', '500', NULL, NULL, '0', '2022-08-12 02:43:29', '2022-08-12 02:43:29'),
(858, 8, NULL, NULL, '', '1222', '500', NULL, NULL, '0', '2022-08-12 02:43:29', '2022-08-12 02:43:29'),
(859, 10, NULL, NULL, '', '1222', '500', NULL, NULL, '0', '2022-08-12 02:43:29', '2022-08-12 02:43:29'),
(860, 3, NULL, NULL, '', '1222', '500', NULL, NULL, '0', '2022-08-12 02:43:29', '2022-08-12 02:43:29'),
(861, 3, NULL, NULL, '', '1222', '500', NULL, NULL, '0', '2022-08-12 02:43:29', '2022-08-12 02:43:29'),
(862, 22, NULL, NULL, '', '1222', '500', NULL, NULL, '0', '2022-08-12 02:43:29', '2022-08-12 02:43:29'),
(863, 7, NULL, NULL, '', '1222', '500', NULL, NULL, '0', '2022-08-12 02:43:29', '2022-08-12 02:43:29'),
(864, 3, NULL, NULL, '', '1222', '500', NULL, NULL, '0', '2022-08-12 02:43:29', '2022-08-12 02:43:29'),
(865, 23, NULL, NULL, '', '1222', '500', NULL, NULL, '0', '2022-08-12 02:43:29', '2022-08-12 02:43:29'),
(866, 5, NULL, NULL, '', '1222', '500', NULL, NULL, '0', '2022-08-12 02:43:29', '2022-08-12 02:43:29'),
(867, 24, NULL, NULL, '', '1222', '500', NULL, NULL, '0', '2022-08-12 02:43:29', '2022-08-12 02:43:29'),
(868, 3, NULL, NULL, '', '1222', '500', NULL, NULL, '0', '2022-08-12 02:43:29', '2022-08-12 02:43:29'),
(869, 3, NULL, NULL, '', '1222', '500', NULL, NULL, '0', '2022-08-12 02:43:29', '2022-08-12 02:43:29'),
(870, 8, NULL, NULL, '', '1222', '500', NULL, NULL, '0', '2022-08-12 02:43:29', '2022-08-12 02:43:29'),
(871, 5, NULL, NULL, '', '1222', '500', NULL, NULL, '0', '2022-08-12 02:43:29', '2022-08-12 02:43:29'),
(872, 24, NULL, NULL, '', '1222', '500', NULL, NULL, '0', '2022-08-12 02:43:29', '2022-08-12 02:43:29'),
(873, 26, NULL, NULL, '', '1222', '500', NULL, NULL, '0', '2022-08-12 02:43:30', '2022-08-12 02:43:30'),
(874, 5, NULL, NULL, '', '1222', '500', NULL, NULL, '0', '2022-08-12 02:43:30', '2022-08-12 02:43:30'),
(875, NULL, 4, NULL, '', '1222', '500', NULL, NULL, '0', '2022-08-12 02:43:30', '2022-08-12 02:43:30'),
(876, 28, NULL, NULL, '', '1222', '500', NULL, NULL, '0', '2022-08-12 02:43:30', '2022-08-12 02:43:30'),
(877, 5, NULL, NULL, '', '1222', '500', NULL, NULL, '0', '2022-08-12 02:43:30', '2022-08-12 02:43:30'),
(878, 7, NULL, NULL, '', '1222', '500', NULL, NULL, '0', '2022-08-12 02:43:30', '2022-08-12 02:43:30'),
(879, 5, NULL, NULL, '', '1222', '500', NULL, NULL, '0', '2022-08-12 02:43:30', '2022-08-12 02:43:30'),
(880, 28, NULL, NULL, '', '1222', '500', NULL, NULL, '0', '2022-08-12 02:43:30', '2022-08-12 02:43:30'),
(881, 7, NULL, NULL, '', '1222', '500', NULL, NULL, '0', '2022-08-12 02:43:30', '2022-08-12 02:43:30'),
(882, 31, NULL, NULL, '', '1222', '500', NULL, NULL, '0', '2022-08-12 02:43:30', '2022-08-12 02:43:30'),
(883, 10, NULL, NULL, '', '1222', '500', NULL, NULL, '0', '2022-08-12 02:43:30', '2022-08-12 02:43:30'),
(884, NULL, 4, 32, '', 'ููุงู ุทูุจ ุฌุฏูุฏ ูู', '0', NULL, NULL, '0', '2022-08-12 02:50:30', '2022-08-12 02:50:30'),
(885, NULL, 10, 33, '', 'ููุงู ุทูุจ ุฌุฏูุฏ ูู', '0', NULL, NULL, '1', '2022-08-12 02:58:34', '2022-08-12 03:00:29'),
(886, NULL, 10, 34, '', 'ููุงู ุทูุจ ุฌุฏูุฏ ูู', '0', NULL, NULL, '1', '2022-08-12 03:00:15', '2022-08-12 03:00:29'),
(887, NULL, 10, 37, '', 'ููุงู ุทูุจ ุฌุฏูุฏ ูู', '0', NULL, NULL, '0', '2022-08-12 03:03:21', '2022-08-12 03:03:21'),
(888, NULL, 10, 38, '', 'ููุงู ุทูุจ ุฌุฏูุฏ ูู', '0', NULL, NULL, '0', '2022-08-12 03:03:36', '2022-08-12 03:03:36'),
(889, NULL, 10, NULL, '', 'ุนูููู ุงูุณูุงู', '500', NULL, NULL, '0', '2022-08-12 03:09:17', '2022-08-12 03:09:17');

-- --------------------------------------------------------

--
-- Table structure for table `orders`
--

CREATE TABLE `orders` (
  `id` bigint(20) UNSIGNED NOT NULL,
  `user_id` bigint(20) UNSIGNED NOT NULL,
  `provider_id` bigint(20) DEFAULT NULL,
  `phone` varchar(255) COLLATE utf8mb4_unicode_ci DEFAULT NULL,
  `address` varchar(255) COLLATE utf8mb4_unicode_ci DEFAULT NULL,
  `total` double NOT NULL,
  `status` enum('new','accepted_by_admin','accepted_by_provider','refused_by_provider','refused_by_admin') COLLATE utf8mb4_unicode_ci NOT NULL DEFAULT 'new',
  `created_at` timestamp NULL DEFAULT NULL,
  `updated_at` timestamp NULL DEFAULT NULL
) ENGINE=InnoDB DEFAULT CHARSET=utf8mb4 COLLATE=utf8mb4_unicode_ci;

--
-- Dumping data for table `orders`
--

INSERT INTO `orders` (`id`, `user_id`, `provider_id`, `phone`, `address`, `total`, `status`, `created_at`, `updated_at`) VALUES
(9, 10, 5, NULL, NULL, 1250, 'accepted_by_provider', '2022-07-27 20:13:41', '2022-07-27 20:13:41'),
(10, 5, 5, NULL, NULL, 1250, 'accepted_by_admin', '2022-07-28 02:00:47', '2022-07-28 02:00:47'),
(11, 3, 5, NULL, NULL, 1300, 'new', '2022-07-30 00:07:40', '2022-07-30 00:07:40'),
(14, 5, 5, NULL, NULL, 1950, 'new', '2022-08-03 04:51:56', '2022-08-03 04:51:56'),
(15, 7, 2, NULL, NULL, 1650, 'new', '2022-08-05 22:15:03', '2022-08-05 22:15:03'),
(16, 7, 10, NULL, NULL, 400, 'accepted_by_provider', '2022-08-05 22:18:15', '2022-08-06 05:20:05'),
(17, 7, 2, NULL, NULL, 1000, 'new', '2022-08-06 05:45:19', '2022-08-06 05:45:19'),
(18, 7, 10, NULL, NULL, 200, 'accepted_by_provider', '2022-08-06 05:59:09', '2022-08-06 06:00:03'),
(20, 28, 10, NULL, NULL, 200, 'new', '2022-08-06 21:59:00', '2022-08-06 21:59:00'),
(23, 5, 4, NULL, NULL, 200, 'new', '2022-08-09 02:03:21', '2022-08-09 02:03:21'),
(24, 5, 11, NULL, NULL, 1055, 'accepted_by_provider', '2022-08-09 02:18:50', '2022-08-09 02:19:29'),
(27, 31, 16, NULL, NULL, 5000, 'accepted_by_provider', '2022-08-12 00:58:39', '2022-08-12 01:00:38'),
(28, 5, 5, NULL, NULL, 1250, 'new', '2022-08-12 02:38:43', '2022-08-12 02:38:43'),
(29, 5, 5, NULL, NULL, 1250, 'new', '2022-08-12 02:39:20', '2022-08-12 02:39:20'),
(30, 5, 4, NULL, NULL, 1250, 'new', '2022-08-12 02:40:25', '2022-08-12 02:40:25'),
(31, 3, 4, NULL, NULL, 1250, 'new', '2022-08-12 02:40:37', '2022-08-12 02:40:37'),
(32, 3, 4, NULL, NULL, 1250, 'new', '2022-08-12 02:50:30', '2022-08-12 02:50:30'),
(33, 3, 10, NULL, NULL, 1250, 'new', '2022-08-12 02:58:34', '2022-08-12 02:58:34'),
(34, 3, 10, NULL, NULL, 1250, 'new', '2022-08-12 03:00:15', '2022-08-12 03:00:15'),
(35, 3, 10, NULL, NULL, 1250, 'new', '2022-08-12 03:00:51', '2022-08-12 03:00:51'),
(36, 3, 10, NULL, NULL, 1250, 'new', '2022-08-12 03:03:11', '2022-08-12 03:03:11'),
(37, 3, 10, NULL, NULL, 1250, 'new', '2022-08-12 03:03:21', '2022-08-12 03:03:21'),
(38, 3, 10, NULL, NULL, 1250, 'new', '2022-08-12 03:03:36', '2022-08-12 03:03:36');

-- --------------------------------------------------------

--
-- Table structure for table `order_details`
--

CREATE TABLE `order_details` (
  `id` bigint(20) UNSIGNED NOT NULL,
  `order_id` bigint(20) UNSIGNED NOT NULL,
  `product_id` bigint(20) UNSIGNED DEFAULT NULL,
  `price` double DEFAULT NULL,
  `qty` int(11) DEFAULT 1,
  `total_price` double DEFAULT NULL,
  `created_at` timestamp NULL DEFAULT NULL,
  `updated_at` timestamp NULL DEFAULT NULL
) ENGINE=InnoDB DEFAULT CHARSET=utf8mb4 COLLATE=utf8mb4_unicode_ci;

--
-- Dumping data for table `order_details`
--

INSERT INTO `order_details` (`id`, `order_id`, `product_id`, `price`, `qty`, `total_price`, `created_at`, `updated_at`) VALUES
(5, 9, 1, 500, 2, 1000, '2022-07-27 20:13:41', '2022-07-27 20:13:41'),
(7, 10, 1, 650, 2, 1300, '2022-07-28 02:00:47', '2022-07-28 02:00:47'),
(8, 11, 1, 650, 2, 1300, '2022-07-30 00:07:40', '2022-07-30 00:07:40'),
(11, 14, 1, 650, 3, 1950, '2022-08-03 04:51:56', '2022-08-03 04:51:56'),
(12, 15, 5, 500, 1, 500, '2022-08-05 22:15:03', '2022-08-05 22:15:03'),
(13, 15, 1, 650, 1, 650, '2022-08-05 22:15:03', '2022-08-05 22:15:03'),
(14, 15, 4, 500, 1, 500, '2022-08-05 22:15:03', '2022-08-05 22:15:03'),
(15, 16, 8, 200, 2, 400, '2022-08-05 22:18:15', '2022-08-05 22:18:15'),
(16, 17, 5, 500, 1, 500, '2022-08-06 05:45:19', '2022-08-06 05:45:19'),
(17, 17, 4, 500, 1, 500, '2022-08-06 05:45:19', '2022-08-06 05:45:19'),
(18, 18, 8, 200, 1, 200, '2022-08-06 05:59:09', '2022-08-06 05:59:09'),
(21, 20, 8, 200, 1, 200, '2022-08-06 21:59:00', '2022-08-06 21:59:00'),
(24, 23, 6, 200, 1, 200, '2022-08-09 02:03:21', '2022-08-09 02:03:21'),
(25, 24, 12, 1055, 1, 1055, '2022-08-09 02:18:50', '2022-08-09 02:18:50'),
(28, 27, 15, 5000, 1, 5000, '2022-08-12 00:58:39', '2022-08-12 00:58:39'),
(29, 28, 1, 650, 2, 1300, '2022-08-12 02:38:43', '2022-08-12 02:38:43'),
(30, 29, 1, 650, 2, 1300, '2022-08-12 02:39:20', '2022-08-12 02:39:20'),
(31, 30, 1, 650, 2, 1300, '2022-08-12 02:40:25', '2022-08-12 02:40:25'),
(32, 31, 1, 650, 2, 1300, '2022-08-12 02:40:37', '2022-08-12 02:40:37'),
(33, 32, 1, 650, 2, 1300, '2022-08-12 02:50:30', '2022-08-12 02:50:30'),
(34, 33, 1, 650, 2, 1300, '2022-08-12 02:58:34', '2022-08-12 02:58:34'),
(35, 34, 1, 650, 2, 1300, '2022-08-12 03:00:15', '2022-08-12 03:00:15'),
(36, 35, 1, 650, 2, 1300, '2022-08-12 03:00:51', '2022-08-12 03:00:51'),
(37, 36, 1, 650, 2, 1300, '2022-08-12 03:03:11', '2022-08-12 03:03:11'),
(38, 37, 1, 650, 2, 1300, '2022-08-12 03:03:21', '2022-08-12 03:03:21'),
(39, 38, 1, 650, 2, 1300, '2022-08-12 03:03:36', '2022-08-12 03:03:36');

-- --------------------------------------------------------

--
-- Table structure for table `password_resets`
--

CREATE TABLE `password_resets` (
  `email` varchar(255) COLLATE utf8mb4_unicode_ci NOT NULL,
  `token` varchar(255) COLLATE utf8mb4_unicode_ci NOT NULL,
  `created_at` timestamp NULL DEFAULT NULL
) ENGINE=InnoDB DEFAULT CHARSET=utf8mb4 COLLATE=utf8mb4_unicode_ci;

-- --------------------------------------------------------

--
-- Table structure for table `permissions`
--

CREATE TABLE `permissions` (
  `id` bigint(20) UNSIGNED NOT NULL,
  `name` varchar(255) COLLATE utf8mb4_unicode_ci NOT NULL,
  `guard_name` varchar(255) COLLATE utf8mb4_unicode_ci NOT NULL,
  `created_at` timestamp NULL DEFAULT NULL,
  `updated_at` timestamp NULL DEFAULT NULL
) ENGINE=InnoDB DEFAULT CHARSET=utf8mb4 COLLATE=utf8mb4_unicode_ci;

--
-- Dumping data for table `permissions`
--

INSERT INTO `permissions` (`id`, `name`, `guard_name`, `created_at`, `updated_at`) VALUES
(1, 'ุนุฑุถ ุงููุดุฑููู', 'admin', '2022-08-08 00:48:43', '2022-08-08 00:48:43'),
(2, 'ุญุฐู ุงููุดุฑููู', 'admin', '2022-08-08 00:48:43', '2022-08-08 00:48:43'),
(3, 'ุชุนุฏูู ุงููุดุฑููู', 'admin', '2022-08-08 00:48:43', '2022-08-08 00:48:43'),
(4, 'ุงุถุงูุฉ ูุดุฑู', 'admin', '2022-08-08 00:48:43', '2022-08-08 00:48:43'),
(5, 'ุนุฑุถ ุงูุจุงูุฑ', 'admin', '2022-08-08 00:48:43', '2022-08-08 00:48:43'),
(6, 'ุชุนุฏูู ุงูุจุงูุฑ', 'admin', '2022-08-08 00:48:43', '2022-08-08 00:48:43'),
(7, 'ุงุถุงูุฉ ุงูุจุงูุฑ', 'admin', '2022-08-08 00:48:43', '2022-08-08 00:48:43'),
(8, 'ุญุฐู ุงูุจุงูุฑ', 'admin', '2022-08-08 00:48:43', '2022-08-08 00:48:43'),
(9, 'ุนุฑุถ ุงูุชุฌุงุฑ', 'admin', '2022-08-08 00:48:43', '2022-08-08 00:48:43'),
(10, 'ุชุนุฏูู ุงูุชุฌุงุฑ', 'admin', '2022-08-08 00:48:43', '2022-08-08 00:48:43'),
(11, 'ุญุฐู ุงูุชุฌุงุฑ', 'admin', '2022-08-08 00:48:43', '2022-08-08 00:48:43'),
(12, 'ุนุฑุถ ุงูุนููุงุก', 'admin', '2022-08-08 00:48:43', '2022-08-08 00:48:43'),
(13, 'ุญุฐู ุงูุนููุงุก', 'admin', '2022-08-08 00:48:43', '2022-08-08 00:48:43'),
(14, 'ุนุฑุถ ุงูุชุตูููุงุช', 'admin', '2022-08-08 00:48:43', '2022-08-08 00:48:43'),
(15, 'ุชุนุฏูู ุงูุชุตูููุงุช', 'admin', '2022-08-08 00:48:43', '2022-08-08 00:48:43'),
(16, 'ุญุฐู ุงูุชุตูููุงุช', 'admin', '2022-08-08 00:48:43', '2022-08-08 00:48:43'),
(17, 'ุงุถุงูุฉ ุชุตูููุงุช', 'admin', '2022-08-08 00:48:43', '2022-08-08 00:48:43'),
(18, 'ุนุฑุถ ุงูุทูุจุงุช', 'admin', '2022-08-08 00:48:43', '2022-08-08 00:48:43'),
(19, 'ุนุฑุถ ุงูููุชุฌุงุช', 'admin', '2022-08-08 00:48:43', '2022-08-08 00:48:43'),
(20, 'ุชุนุฏูู ุงูููุชุฌุงุช', 'admin', '2022-08-08 00:48:43', '2022-08-08 00:48:43'),
(21, 'ุญุฐู ุงูููุชุฌุงุช', 'admin', '2022-08-08 00:48:43', '2022-08-08 00:48:43'),
(22, 'ุงูุงุดุนุงุฑุงุช ุงูุนุงูุฉ', 'admin', '2022-08-08 00:48:43', '2022-08-08 00:48:43'),
(23, 'ุนุฑุถ ุงูุชูุงุฑูุฑ', 'admin', '2022-08-08 00:48:43', '2022-08-08 00:48:43'),
(27, 'ุนุฑุถ ุงูุดุฑูุญุงุช', 'admin', '2022-08-08 00:48:43', '2022-08-08 00:48:43'),
(29, 'ุญุฐู ุดุฑูุญุงุช', 'admin', '2022-08-08 00:48:43', '2022-08-08 00:48:43'),
(30, 'ุงุถุงูุฉ ุดุฑูุญุงุช', 'admin', '2022-08-08 00:48:43', '2022-08-08 00:48:43'),
(31, 'ุนุฑุถ ุงุนุฏุงุฏุช ุงูููุชุฑ', 'admin', '2022-08-08 00:57:19', '2022-08-08 00:57:19'),
(32, 'ุนุฑุถ ุชูุงุตู ูุนูุง', 'admin', '2022-08-08 00:57:19', '2022-08-08 00:57:19'),
(33, 'ุงูุฑุฏ ุนูู ุชูุงุตู ูุนูุง', 'admin', '2022-08-08 00:57:19', '2022-08-08 00:57:19'),
(34, 'ุญุฐู ุชูุงุตู ูุนูุง', 'admin', '2022-08-08 00:57:19', '2022-08-08 00:57:19'),
(35, 'ุนุฑุถ ุงูุฏูู', 'admin', '2022-08-08 00:57:19', '2022-08-08 00:57:19'),
(36, 'ุชุนุฏูู ุงูุฏูู', 'admin', '2022-08-08 00:57:19', '2022-08-08 00:57:19'),
(37, 'ุงุถุงูุฉ ุงูุฏูู', 'admin', '2022-08-08 00:57:19', '2022-08-08 00:57:19'),
(38, 'ุญุฐู ุงูุฏูู', 'admin', '2022-08-08 00:57:19', '2022-08-08 00:57:19'),
(39, 'ุนุฑุถ ุงูุตูุงุญูุงุช', 'admin', '2022-08-08 00:57:19', '2022-08-08 00:57:19'),
(40, 'ุชุนุฏูู ุงูุตูุงุญูุงุช', 'admin', '2022-08-08 00:57:19', '2022-08-08 00:57:19'),
(41, 'ุงุถุงูุฉ ุงูุตูุงุญูุงุช', 'admin', '2022-08-08 00:57:19', '2022-08-08 00:57:19'),
(42, 'ุญุฐู ุตูุงุญูุงุช', 'admin', '2022-08-08 00:57:19', '2022-08-08 00:57:19'),
(43, 'ูุญุชูู ุงูุฑุฆูุณูุฉ', 'admin', '2022-08-08 01:07:51', '2022-08-08 01:07:51'),
(44, 'ุญุฐู ุงูุทูุจุงุช', 'admin', '2022-08-08 06:12:27', '2022-08-08 06:12:27');

-- --------------------------------------------------------

--
-- Table structure for table `personal_access_tokens`
--

CREATE TABLE `personal_access_tokens` (
  `id` bigint(20) UNSIGNED NOT NULL,
  `tokenable_type` varchar(255) COLLATE utf8mb4_unicode_ci NOT NULL,
  `tokenable_id` bigint(20) UNSIGNED NOT NULL,
  `name` varchar(255) COLLATE utf8mb4_unicode_ci NOT NULL,
  `token` varchar(64) COLLATE utf8mb4_unicode_ci NOT NULL,
  `abilities` text COLLATE utf8mb4_unicode_ci DEFAULT NULL,
  `last_used_at` timestamp NULL DEFAULT NULL,
  `created_at` timestamp NULL DEFAULT NULL,
  `updated_at` timestamp NULL DEFAULT NULL
) ENGINE=InnoDB DEFAULT CHARSET=utf8mb4 COLLATE=utf8mb4_unicode_ci;

-- --------------------------------------------------------

--
-- Table structure for table `products`
--

CREATE TABLE `products` (
  `id` bigint(20) UNSIGNED NOT NULL,
  `main_image` varchar(255) COLLATE utf8mb4_unicode_ci DEFAULT NULL,
  `title` varchar(255) COLLATE utf8mb4_unicode_ci NOT NULL,
  `provider_id` bigint(20) UNSIGNED DEFAULT NULL,
  `category_id` bigint(20) UNSIGNED DEFAULT NULL,
  `price` double NOT NULL,
  `details` text COLLATE utf8mb4_unicode_ci DEFAULT NULL,
  `created_at` timestamp NULL DEFAULT NULL,
  `updated_at` timestamp NULL DEFAULT NULL,
  `status` enum('0','1') COLLATE utf8mb4_unicode_ci DEFAULT '0' COMMENT '0 means not approved yet'
) ENGINE=InnoDB DEFAULT CHARSET=utf8mb4 COLLATE=utf8mb4_unicode_ci;

--
-- Dumping data for table `products`
--

INSERT INTO `products` (`id`, `main_image`, `title`, `provider_id`, `category_id`, `price`, `details`, `created_at`, `updated_at`, `status`) VALUES
(1, '1.png', 'ููุชุฑ ุฌุฏูุฏ', 5, 3, 650, 'ููุชุฑ ุฌุฏูุฏ 4 ุดูุนุฉ ุณุนุฉ 6 ูุชุฑ', '2022-07-15 15:04:54', '2022-07-31 02:07:08', '1'),
(3, 'assets/uploads/products/95001659384741.webp', 'ููุชุฌ 2', 2, 2, 500, 'ุชูุงุตูู ุชูุงุตูู ุชูุงุตูู ุชูุงุตูู ุชูุงุตูู ุชูุงุตูู ุชูุงุตููุชูุงุตูู ุชูุงุตูู ุชูุงุตูู', '2022-08-01 22:12:21', '2022-08-01 22:12:21', '0'),
(4, 'assets/uploads/products/72851659384959.webp', 'ููุชุฌ 2', 2, 2, 500, 'ุชูุงุตูู ุชูุงุตูู ุชูุงุตูู ุชูุงุตูู ุชูุงุตูู ุชูุงุตูู ุชูุงุตููุชูุงุตูู ุชูุงุตูู ุชูุงุตูู', '2022-08-01 22:15:59', '2022-08-03 06:58:35', '1'),
(5, 'assets/uploads/products/77791659385055.webp', 'ููุชุฌ 2', 2, 2, 500, 'ุชูุงุตูู ุชูุงุตูู ุชูุงุตูู ุชูุงุตูู ุชูุงุตูู ุชูุงุตูู ุชูุงุตููุชูุงุตูู ุชูุงุตูู ุชูุงุตูู', '2022-08-01 22:17:35', '2022-08-03 06:58:37', '1'),
(6, 'assets/uploads/products/8841659706201.webp', 'ููุชุฌ', 4, 3, 200, 'ููุชุฌ', '2022-08-05 15:30:01', '2022-08-05 18:23:55', '1'),
(7, 'assets/uploads/products/20151659716804.webp', 'ููุชุฌ', 6, 2, 258, 'ููุชุฌ', '2022-08-05 18:26:44', '2022-08-05 18:26:58', '1'),
(8, 'assets/uploads/products/91531659729018.webp', 'ููุชุฌ', 10, 1, 200, 'ููุชุฌ', '2022-08-05 21:50:18', '2022-08-05 22:00:46', '1'),
(10, 'assets/uploads/products/35131659796522.webp', 'ููุชุฑ ูฅ ูุฑุงุญู', 9, 1, 550, 'ููุชุฑ ูฅ ูุฑุงุญู ุจุฎุงุตูุฉ ุงูุชุนููู', '2022-08-06 16:35:22', '2022-08-08 00:11:47', '1'),
(11, 'assets/uploads/products/30381659988996.webp', 'ููุชุฌ', 10, 2, 200, 'ููุชุฌ', '2022-08-08 22:03:16', '2022-08-09 02:13:21', '1'),
(12, 'assets/uploads/products/38811660003968.webp', 'ุชูุชู', 11, 1, 1055, 'ุงูุชูุช', '2022-08-09 02:12:48', '2022-08-09 02:13:19', '1'),
(13, 'assets/uploads/products/56461660004826.webp', 'ูุจุจ', 12, 2, 15800, 'ุฑุฐูุฐูุฐ', '2022-08-09 02:27:07', '2022-08-09 02:27:19', '1'),
(14, 'assets/uploads/products/2141660254159.webp', 'ุชูุณุช ููุชุฌ', 13, 2, 1500, 'ุงู ุฎุตุงุฆุต', '2022-08-11 23:42:39', '2022-08-11 23:42:39', '0'),
(15, 'assets/uploads/products/53311660258335.webp', 'ูุญุทู ูฅู', 16, 1, 5000, 'ูุญุทู ูฅู', '2022-08-12 00:52:15', '2022-08-12 00:56:08', '1');

-- --------------------------------------------------------

--
-- Table structure for table `product_images`
--

CREATE TABLE `product_images` (
  `id` bigint(20) UNSIGNED NOT NULL,
  `image` varchar(255) COLLATE utf8mb4_unicode_ci NOT NULL,
  `product_id` bigint(20) UNSIGNED NOT NULL,
  `created_at` timestamp NULL DEFAULT NULL,
  `updated_at` timestamp NULL DEFAULT NULL
) ENGINE=InnoDB DEFAULT CHARSET=utf8mb4 COLLATE=utf8mb4_unicode_ci;

--
-- Dumping data for table `product_images`
--

INSERT INTO `product_images` (`id`, `image`, `product_id`, `created_at`, `updated_at`) VALUES
(2, '6.png', 1, '2022-07-16 17:37:52', '2022-07-16 17:37:52'),
(3, 'assets/uploads/products/19771659384959.webp', 4, '2022-08-01 22:15:59', '2022-08-01 22:15:59'),
(4, 'assets/uploads/products/21131659385055.webp', 5, '2022-08-01 22:17:35', '2022-08-01 22:17:35'),
(5, 'assets/uploads/products/34201659385055.webp', 5, '2022-08-01 22:17:35', '2022-08-01 22:17:35'),
(6, 'assets/uploads/products/71021659706201.webp', 6, '2022-08-05 15:30:01', '2022-08-05 15:30:01'),
(7, 'assets/uploads/products/31911659716804.webp', 7, '2022-08-05 18:26:44', '2022-08-05 18:26:44'),
(8, 'assets/uploads/products/7891659729018.webp', 8, '2022-08-05 21:50:18', '2022-08-05 21:50:18'),
(10, 'assets/uploads/products/23071659796522.webp', 10, '2022-08-06 16:35:22', '2022-08-06 16:35:22'),
(11, 'assets/uploads/products/43071659988996.webp', 11, '2022-08-08 22:03:16', '2022-08-08 22:03:16'),
(12, 'assets/uploads/products/381660003968.webp', 12, '2022-08-09 02:12:48', '2022-08-09 02:12:48'),
(13, 'assets/uploads/products/171660004827.webp', 13, '2022-08-09 02:27:08', '2022-08-09 02:27:08'),
(14, 'assets/uploads/products/71891660254159.webp', 14, '2022-08-11 23:42:39', '2022-08-11 23:42:39'),
(15, 'assets/uploads/products/84031660258335.webp', 15, '2022-08-12 00:52:15', '2022-08-12 00:52:15'),
(16, 'assets/uploads/products/2141660258335.webp', 15, '2022-08-12 00:52:15', '2022-08-12 00:52:15');

-- --------------------------------------------------------

--
-- Table structure for table `providers`
--

CREATE TABLE `providers` (
  `id` bigint(20) UNSIGNED NOT NULL,
  `logo` varchar(255) COLLATE utf8mb4_unicode_ci DEFAULT NULL,
  `first_name` varchar(255) COLLATE utf8mb4_unicode_ci NOT NULL,
  `last_name` varchar(255) COLLATE utf8mb4_unicode_ci NOT NULL,
  `store_name` varchar(255) COLLATE utf8mb4_unicode_ci NOT NULL,
  `phone_code` varchar(255) COLLATE utf8mb4_unicode_ci NOT NULL,
  `phone` varchar(255) COLLATE utf8mb4_unicode_ci NOT NULL,
  `country_id` bigint(20) DEFAULT NULL,
  `governorate_id` bigint(20) DEFAULT NULL,
  `nationality_id_image` varchar(255) COLLATE utf8mb4_unicode_ci NOT NULL,
  `vat_number` varchar(255) COLLATE utf8mb4_unicode_ci NOT NULL,
  `vat_number_image` varchar(255) COLLATE utf8mb4_unicode_ci NOT NULL,
  `commercial_number` varchar(255) COLLATE utf8mb4_unicode_ci NOT NULL,
  `commercial_number_image` varchar(255) COLLATE utf8mb4_unicode_ci NOT NULL,
  `address` text COLLATE utf8mb4_unicode_ci DEFAULT NULL,
  `status` enum('0','1') COLLATE utf8mb4_unicode_ci NOT NULL DEFAULT '1',
  `created_at` timestamp NULL DEFAULT NULL,
  `updated_at` timestamp NULL DEFAULT NULL
) ENGINE=InnoDB DEFAULT CHARSET=utf8mb4 COLLATE=utf8mb4_unicode_ci;

--
-- Dumping data for table `providers`
--

INSERT INTO `providers` (`id`, `logo`, `first_name`, `last_name`, `store_name`, `phone_code`, `phone`, `country_id`, `governorate_id`, `nationality_id_image`, `vat_number`, `vat_number_image`, `commercial_number`, `commercial_number_image`, `address`, `status`, `created_at`, `updated_at`) VALUES
(1, NULL, 'ุงุญูุฏ', 'ูุญูุฏ', 'ูุชุฌุฑ ุงูุณุนุงุฏุฉ', '+20', '1099999999', 1, 20, '1.png', '123456', '2.png', '123456789', '3.png', 'ุงูุซุงูุฑุฉ ุดุงุฑุน ุงูุฌุงูุนุฉ', '1', '2022-07-15 15:03:30', '2022-07-15 15:03:30'),
(2, 'assets/uploads/providers/56681657941523.webp', 'ูุญูุฏ', 'ุฎุงูุฏ', 'ูุชุฌุฑ ุงูุณุนุงุฏุฉ', '+20', '1098712354', 1, 2, 'assets/uploads/providers/61461657941523.webp', '12300', 'assets/uploads/providers/65061657941523.webp', '10245', 'assets/uploads/providers/92961657941523.webp', NULL, '1', '2022-07-16 03:18:43', '2022-07-16 03:18:43'),
(3, NULL, 'ุฎุงูุฏ', 'ูุงุณุฑ', 'ูุชุฌุฑ ุงูุณุนุงุฏุฉ', '+20', '1154784758', 1, 5, 'assets/uploads/providers/4621657941746.webp', '54989', 'assets/uploads/providers/79171657941746.webp', '20554', 'assets/uploads/providers/28971657941746.webp', NULL, '1', '2022-07-16 03:22:27', '2022-07-16 03:22:27'),
(4, 'assets/uploads/providers/44111657941850.webp', 'ูุญูุฏ', 'ููุตูุฑ', 'ูุชุฌุฑ ุฌุฏูุฏ', '+20', '1098747414', 1, 14, 'assets/uploads/providers/91171657941850.webp', '0144889', 'assets/uploads/providers/80071657941850.webp', '654789', 'assets/uploads/providers/52881657941850.webp', NULL, '1', '2022-07-16 03:24:10', '2022-08-08 00:09:41'),
(5, 'assets/uploads/providers/65141658966521.webp', 'ุงุจุฑุงููู', 'ูุญูุฏ', 'ูุชุฌุฑ ุงูุณุนุงุฏุฉ', '+20', '10101145574', 1, 27, 'assets/uploads/providers/28081658779534.webp', '1212354', 'assets/uploads/providers/38241658779534.webp', '55124', 'assets/uploads/providers/52991658779534.webp', NULL, '1', '2022-07-25 22:05:34', '2022-08-12 02:31:26'),
(6, NULL, 'ูุญูุฏ', 'ููุตูุฑ', 'ูุชุฌุฑ ุฌุฏูุฏ', '+20', '10101145577', 1, 12, 'assets/uploads/providers/96201659180239.webp', '12123547', 'assets/uploads/providers/81341659180239.webp', '551247', 'assets/uploads/providers/31361659180239.webp', NULL, '1', '2022-07-30 13:23:59', '2022-08-07 23:56:25'),
(7, NULL, 'ูุญูุฏ', 'ุงุญูุฏ', 'ุชุงุฌุฑ', '+20', '1066174066', 1, 1, 'assets/uploads/providers/55441659180780.webp', '36588888', 'assets/uploads/providers/7481659180780.webp', '3368888', 'assets/uploads/providers/82421659180780.webp', 'ุนููุงู', '1', '2022-07-30 13:33:01', '2022-07-30 13:33:01'),
(8, NULL, 'ูุญูุฏ', 'ููุตูุฑ', 'ูุชุฌุฑ ุฌุฏูุฏ', '+20', '10987477845', 1, 12, 'assets/uploads/providers/8841659385497.webp', '454', 'assets/uploads/providers/46951659385497.webp', '54', 'assets/uploads/providers/50671659385497.webp', NULL, '1', '2022-08-01 22:24:57', '2022-08-04 13:16:11'),
(9, NULL, 'ูุญูุฏ', 'ูุญูุฏ', 'ุจููุฑูู', '+20', '1111111111', 1, 1, 'assets/uploads/providers/86691659682114.webp', '66666', 'assets/uploads/providers/62631659682114.webp', '666666', 'assets/uploads/providers/2381659682115.webp', 'ุจููุง', '1', '2022-08-05 08:48:35', '2022-08-11 21:28:57'),
(10, NULL, 'ูุญูุฏ', 'ุงุญูุฏ', 'ุชุงุฌุฑ', '+20', '1066174022', 1, 1, 'assets/uploads/providers/13621659703019.webp', 'ูงูฃูงูฃูงูงูฃูงูง', 'assets/uploads/providers/44381659703019.webp', 'ูจูจูขูจูงูงูขูงูขูงูง', 'assets/uploads/providers/10221659703019.webp', 'ุนููุงู', '1', '2022-08-05 14:36:59', '2022-08-05 14:36:59'),
(11, NULL, 'ุชุฑ', 'ูุฑ', 'bx', '+20', '1096861418', 1, 1, 'assets/uploads/providers/59391660003100.webp', 'jddh', 'assets/uploads/providers/34381660003101.webp', 'rir9', 'assets/uploads/providers/68431660003101.webp', 'bfc', '1', '2022-08-09 01:58:21', '2022-08-09 01:58:21'),
(12, 'assets/uploads/providers/83311660004785.webp', 'ุฑุจุฑ', 'ุฐูุฐูุฐ', 'nxnx', '+20', '12390215', 1, 1, 'assets/uploads/providers/48291660004785.webp', 'jdjdj', 'assets/uploads/providers/18581660004786.webp', 'bcb', 'assets/uploads/providers/26701660004787.webp', NULL, '1', '2022-08-09 02:26:27', '2022-08-09 02:26:27'),
(13, NULL, 'ุงุญูุฏ', 'ุงุจุฑุงููู', 'blue', '+20', '1012390216', 1, 1, 'assets/uploads/providers/45021660254075.webp', 'dbxhdh', 'assets/uploads/providers/76401660254075.webp', 'gdhdh', 'assets/uploads/providers/33421660254076.webp', NULL, '1', '2022-08-11 23:41:16', '2022-08-11 23:41:16'),
(14, NULL, 'ูุฑู', 'ูุฑูุฑ', 'bcnc', '+20', '1060568810', 1, 1, 'assets/uploads/providers/24581660255116.webp', 'ggf', 'assets/uploads/providers/33751660255116.webp', 'hhd', 'assets/uploads/providers/13131660255117.webp', NULL, '1', '2022-08-11 23:58:37', '2022-08-11 23:58:37'),
(15, NULL, 'ุฑุฒุฏ', 'ุงุงู', 'vvcc', '+20', '1090123215', 1, 1, 'assets/uploads/providers/27111660255542.webp', 'gfd', 'assets/uploads/providers/77271660255543.webp', 'gfd', 'assets/uploads/providers/91391660255543.webp', NULL, '1', '2022-08-12 00:05:43', '2022-08-12 00:05:43'),
(16, NULL, 'ููุฏู', 'ููุฏู', 'ุจููุฑ ููุชุฑ', '+20', '2222222222', 1, 3, 'assets/uploads/providers/74801660258102.webp', '8888888', 'assets/uploads/providers/79811660258102.webp', '888888', 'assets/uploads/providers/2171660258103.webp', 'ุงูู ุงูุทุฑูู', '1', '2022-08-12 00:48:23', '2022-08-12 00:48:23');

-- --------------------------------------------------------

--
-- Table structure for table `roles`
--

CREATE TABLE `roles` (
  `id` bigint(20) UNSIGNED NOT NULL,
  `name` varchar(255) COLLATE utf8mb4_unicode_ci NOT NULL,
  `guard_name` varchar(255) COLLATE utf8mb4_unicode_ci NOT NULL,
  `created_at` timestamp NULL DEFAULT NULL,
  `updated_at` timestamp NULL DEFAULT NULL
) ENGINE=InnoDB DEFAULT CHARSET=utf8mb4 COLLATE=utf8mb4_unicode_ci;

--
-- Dumping data for table `roles`
--

INSERT INTO `roles` (`id`, `name`, `guard_name`, `created_at`, `updated_at`) VALUES
(1, 'ุงูุฏุนู ุงูููู', 'admin', '2022-08-08 01:12:07', '2022-08-08 01:12:07'),
(2, 'ูุฏุฎู ุงูุตูุงุญูุงุช', 'admin', '2022-08-08 02:23:35', '2022-08-08 02:23:35'),
(3, 'ุงุถุงูุฉ ุงูุงุฏููุฒ', 'admin', '2022-08-08 03:13:16', '2022-08-08 03:13:16'),
(4, 'ุชุญูู ูุงูู ููุงุฏููุฒ', 'admin', '2022-08-08 03:33:57', '2022-08-08 03:33:57'),
(5, 'ุณูุจุฑ ุงุฏูู', 'admin', '2022-08-08 03:56:35', '2022-08-08 03:56:35');

-- --------------------------------------------------------

--
-- Table structure for table `role_has_permissions`
--

CREATE TABLE `role_has_permissions` (
  `permission_id` bigint(20) UNSIGNED NOT NULL,
  `role_id` bigint(20) UNSIGNED NOT NULL
) ENGINE=InnoDB DEFAULT CHARSET=utf8mb4 COLLATE=utf8mb4_unicode_ci;

--
-- Dumping data for table `role_has_permissions`
--

INSERT INTO `role_has_permissions` (`permission_id`, `role_id`) VALUES
(1, 3),
(1, 4),
(1, 5),
(2, 4),
(2, 5),
(3, 4),
(3, 5),
(4, 3),
(4, 4),
(4, 5),
(5, 5),
(6, 5),
(7, 5),
(8, 5),
(9, 5),
(10, 5),
(11, 5),
(12, 5),
(13, 5),
(14, 5),
(15, 5),
(16, 5),
(17, 5),
(18, 5),
(19, 5),
(20, 5),
(21, 5),
(22, 5),
(23, 5),
(27, 5),
(29, 5),
(30, 5),
(31, 5),
(32, 1),
(32, 5),
(33, 1),
(33, 5),
(34, 1),
(34, 5),
(35, 5),
(36, 5),
(37, 5),
(38, 5),
(39, 2),
(39, 5),
(40, 2),
(40, 5),
(41, 2),
(41, 5),
(42, 2),
(42, 5),
(43, 5),
(44, 5);

-- --------------------------------------------------------

--
-- Table structure for table `settings`
--

CREATE TABLE `settings` (
  `id` bigint(20) UNSIGNED NOT NULL,
  `title` varchar(255) COLLATE utf8mb4_unicode_ci DEFAULT NULL,
  `logo` varchar(255) COLLATE utf8mb4_unicode_ci DEFAULT NULL,
  `about_us` text COLLATE utf8mb4_unicode_ci DEFAULT NULL,
  `terms` text COLLATE utf8mb4_unicode_ci DEFAULT NULL,
  `privacy` text COLLATE utf8mb4_unicode_ci DEFAULT NULL,
  `facebook` varchar(255) COLLATE utf8mb4_unicode_ci DEFAULT NULL,
  `insta` varchar(255) COLLATE utf8mb4_unicode_ci DEFAULT NULL,
  `twitter` varchar(255) COLLATE utf8mb4_unicode_ci DEFAULT NULL,
  `snap_chat` varchar(255) COLLATE utf8mb4_unicode_ci DEFAULT NULL,
  `whatsapp` varchar(255) COLLATE utf8mb4_unicode_ci DEFAULT NULL,
  `created_at` timestamp NULL DEFAULT NULL,
  `updated_at` timestamp NULL DEFAULT NULL
) ENGINE=InnoDB DEFAULT CHARSET=utf8mb4 COLLATE=utf8mb4_unicode_ci;

--
-- Dumping data for table `settings`
--

INSERT INTO `settings` (`id`, `title`, `logo`, `about_us`, `terms`, `privacy`, `facebook`, `insta`, `twitter`, `snap_chat`, `whatsapp`, `created_at`, `updated_at`) VALUES
(1, 'ุชุทุจูู ุงูููุชุฑ', 'assets/uploads/logo.png', 'ูุฑุญุจุง ุจู ูู ุงูุฅุตุฏุงุฑ ุงูุฃูู ูู ุชุทุจูู ุงูููุชุฑ\r\n* ูุจุฐู ุนู ุงูุชุทุจูู *\r\nุชุทุจูู ุงูููุชุฑ ูุชูุญ ูู ูุชุงุจุนุฉ ุงูุตูุงูุงุช ุงูุฏูุฑูู ุงูุฎุงุตู ุจุงูููุชุฑ ูุฏููู ุนู ุทุฑูู ุงุฑุณุงู ุงุดุนุงุฑุงุช ุจููุงุนูุฏ ุชุบููุฑ ุงูุดูุนุงุช ูููุง ูุขููู ุงุชููุงุชูููู \r\n** ุจุงูุงุถุงูู ุงูู ุชููุฑ ููุชุจู ุถุฎูู ูู ุงูุงุนุทุงู ูุงูุดุฑูุญุงุช ุงูุชู ุณูู ุชุณุงุนุฏู ุนูู ุชุญุฏูุฏ ุงูุงุนุทุงู ูุงููุดุงูู ูู ุงูููุชุฑ ููุณุงุนุฏุชู ูู ุญููุง\r\n** ุงูุถุง ููุฌุฏ ูู ุงูุชุทุจูู ูุชุฌุฑ ุงููุชุฑููู ูุญุชูู ุนูู ุงุฌูุฒุฉ ููุงุชุฑ ูุงุฑูุงุช ูุชููุนู ูุฌูุฏู ููุชุงุฒู ุชูุงุณุจ ูู ุงููุฆุงุช ููุดูู ุงููุชุฌุฑ ุงูุถุง ุนูู ูุทุน ุงูุบูุงุฑ ูุงูุดูุนุงุช ุงูุฎุงุตู ุจุงูููุชุฑ \r\nุดูุฑุง ูุงุฎุชูุงุฑู ุชุทุจูู ุงูููุชุฑ \r\n\r\nูุง ุชุชุงุฎุฑ ูู ุงูุชูุงุตู ูุนูุง ูู ุงู ููุช .. ููุญู ููููุง ุฑุงุญุชู', 'ุฃู ูููู ุงููุณุชุฎุฏู ุฐุง ุฃูููุฉ ูุงููููุฉ ูุงููุฉ ููุชุนุงูุฏ ูุงูุชุนุงูู. ุงุฐุง ูุงู ุงููุณุชุฎุฏู ุนูุฑู ููู ุนู 18 ุนุงูุง ูุณุชูุฌุจ ุนููู ุงู ูููู ุจุงูุญุตูู ุนูู ููุงููุฉ ูุงูุฏูู ุฃู ูุตูู ููููุงู ุจุฐูู. ุงู ููุฑ ููุชุนูุฏ ุงููุณุชุฎุฏู ุจุงูู ูุชูุชุน ุจุงูุญู ูุงููุฏุฑุฉ ุงููุงููููุฉ ุนูู ุงุณุชุฎุฏุงู ูููุน ูุชุทุจูู ูุนุงู ุญุณุจ ูุง ูู ููุตูุต ุนููู ูู ูุฐู ุงูุดุฑูุท ูุงูุฃุญูุงู.', 'ูุญู ุณุนุฏุงุก ุจููููู ุงุญุฏ ุนููุงุฆูุง ุ ุงูุฃูุฑ ุงูุฐู ูุณุชุฏุนู ูุจูููู ุงูุถููู ูุณูุงุณู ุงูุฎุตูุตูุฉ ุงูุฎุงุตุฉ ุจุชุทุจูู ุงูููุชุฑ.\r\n\r\nูุฐุง ุงูุฅุดุนุงุฑ ุจุงูุฅุถุงูุฉ ุฅูู ุณูุงุณู ุงูุฎุตูุตูุฉ ุงูุฎุงุตููู ุจุชุทุจูู ุงูููุชุฑุ ููุญุฏุฏุงู ููุน ุงููุนูููุงุช ุงููุงุฒู ุฌูุนูุง ุนู ูุณุชุฎุฏููู ุงูุชุทุจูู ูู ุงุฌู ุชูุฏูู ุงูุฎุฏูุฉ ูุชูููุฐ ุทูุจุงุช ุนููุงุฆูุง ุจุงูุดูู ุงูููุงุณุจ .\r\n\r\nุชูุธู ูุฐู ุงููุซููุฉ ููุนุงูุฌู ุจูุงูุงุช ุงูุนููุงุก ูู ููุงุญู ุงูุฌูุน ุ ู ุงูุชุฎุฒูู ุ ูุงููููุฌ ุ ูุงูุงุณุชุฎุฏุงู ุ ู ุฃุฎูุฑุงู ุงูุฅููุงู ุ ุจุฌุงูุจ ุฃู ุตูุฑู ุงุฎุฑู ูุณุชูุฒูุฉ ูุชูุฏูู ุงูุฎุฏูุฉ.\r\n\r\nุงูุบุฑุถ ูู ุฌูุน ุฃู ูุนูููุงุช ุนู ุงูุนููู ูู ุฅุฏุงุฑุฉ ุงูุนูู ุงููููู ุจูุทุงุนุงุชูุง ูู ุฃุฌู ุชูุฏูู ุงูุฎุฏูุฉ ุ ุจุงูุฅุถุงูุฉ ุฅูู ุชุญุณูู ุชุฌุฑุจุฉ ุงููุณุชุฎุฏููู  ุ  ุ ูุถูุงู ุนู ุงูุฅุฏุงุฑุฉ ุงูุณูููุฉ ููุญุฌู ุงููุงุฆู ูู ุงููุนูููุงุช ุงูุดุฎุตูุฉ. ูุญู ูุณุชูุฑูู ูู ุชุนุฒูุฒ ุซูุฉ ุงููุณุชุฎุฏู ูู ุทุฑููุฉ ุชุนุงูููุง ูุน ุงููุนูููุงุช ุงูุดุฎุตูุฉ ุงูุฎุงุตุฉ ุจูู ูุชูุฏูู ุงูุฎุฏูุงุช ุจุดูู ูุชููุฒ.\r\n\r\nูุชู ูููู ุจุฌูุน ูุนูููุงุช ุงูุดุฎุตูู ุ\r\nุนูู ุณุจูู ุงููุซุงูุ ูุฌูุน ูุนูููุงุชู ุงูุดุฎุตูุฉ ุนูุฏ:\r\n\r\nุดุฑุงุก ุฃู ุงุณุชุฎุฏุงู ุฃู ูู ููุชุฌุงุชูุง ูุฎุฏูุงุชูุง.\r\n\r\nุงูุงุชุตุงู ุจูุง ูู ุฎูุงู ูููุงุช ุงูุงุชุตุงู ุงููุฎุชููุฉุ ุฃู ุทูุจ ูุนูููุงุช ุญูู ููุชุฌ ุฃู ุฎุฏูุฉ ูุง.\r\n\r\nูุง ูู ุงููุนูููุงุช ุงูุชู ูุฌูุนูุง ุนูู ุ\r\n\r\n\r\nุนูุฏ ุงูุถุฑูุฑุฉุ ูุฏ ูุฌูุน:\r\n\r\nุงุณูู ูุนููุงูู ู / ุฃู ุฑูู ูุงุชูู ู / ุฃู ุฑูู ูุงุชูู ุงููุญููู ูุนููุงู ุจุฑูุฏู ุงูุฅููุชุฑููู \r\n\r\nุจูุงูุงุช ุงูุงุชุตุงู ุงูุฎุงุตุฉ ุจู. ููู ุงูุจูุงูุงุช ุงูุชู ูุชุนุฑุถ ููุง ููุชุทูุจ ูู ูุชุทูุจุงุช ุงุชูุงู ุนูููุฉ ุงูุดุฑุงุก', 'https://www.facebook.com/elfiltar/', 'https://www.instagram.com/', 'https://www.twitter.com/', 'https://youtube.com/channel/UCAYPCiff9B8Yjlk74yRF7cQ', '+201098877778', '2022-07-12 14:16:58', '2022-07-12 14:16:58');

-- --------------------------------------------------------

--
-- Table structure for table `sliders`
--

CREATE TABLE `sliders` (
  `id` bigint(20) UNSIGNED NOT NULL,
  `product_id` bigint(20) UNSIGNED DEFAULT NULL,
  `image` varchar(255) COLLATE utf8mb4_unicode_ci DEFAULT NULL,
  `created_at` timestamp NULL DEFAULT NULL,
  `updated_at` timestamp NULL DEFAULT NULL
) ENGINE=InnoDB DEFAULT CHARSET=utf8mb4 COLLATE=utf8mb4_unicode_ci;

--
-- Dumping data for table `sliders`
--

INSERT INTO `sliders` (`id`, `product_id`, `image`, `created_at`, `updated_at`) VALUES
(2, 1, 'assets/uploads/sliders/74241659542078.webp', '2022-08-01 23:44:05', '2022-08-03 17:54:38'),
(3, 1, 'assets/uploads/sliders/11611659542208.webp', '2022-08-03 17:56:48', '2022-08-08 00:28:46'),
(4, 10, 'assets/uploads/sliders/91021660246247.webp', '2022-08-11 21:30:48', '2022-08-11 21:30:48');

-- --------------------------------------------------------

--
-- Table structure for table `tokens`
--

CREATE TABLE `tokens` (
  `id` bigint(20) UNSIGNED NOT NULL,
  `user_id` bigint(20) UNSIGNED DEFAULT NULL,
  `provider_id` bigint(20) UNSIGNED DEFAULT NULL,
  `phone_token` varchar(500) COLLATE utf8mb4_unicode_ci NOT NULL,
  `software_type` enum('ios','android') COLLATE utf8mb4_unicode_ci DEFAULT 'android',
  `created_at` timestamp NULL DEFAULT NULL,
  `updated_at` timestamp NULL DEFAULT NULL
) ENGINE=InnoDB DEFAULT CHARSET=utf8mb4 COLLATE=utf8mb4_unicode_ci;

--
-- Dumping data for table `tokens`
--

INSERT INTO `tokens` (`id`, `user_id`, `provider_id`, `phone_token`, `software_type`, `created_at`, `updated_at`) VALUES
(4, 3, NULL, 'eHfYPI22TR6hNae9HpNz88:APA91bGBWD9y_4O_fNOUSOAaOPmqgpyiwU_wKSkQzNl_uY7Goblp5L_1dRFob5D1AqqE81N_SKxtfQVhFbGIUZjmM72Srix4yAv13wChPBrnXpujrHfbpWVKfGxQ4bShZ_cG9UPacgs7', 'android', '2022-07-17 20:37:36', '2022-07-17 20:37:36'),
(7, 4, NULL, 'fqYfIeRFSDeE8-tDBHrR7S:APA91bEo6PU2bzc5VPbcvFNXufhijrb1A06q1kDZHcaQUqVp0dHhGy31Qk6ivclI72bwrbxoNZeXVO6X0kkL0iYEPeEgISypMna8Meib26u9GlyqNgi5qNUi8vDm1pdzYL2ajS1hXA4U', 'android', '2022-07-17 23:37:32', '2022-07-17 23:37:32'),
(8, 5, NULL, 'cnb4H5-xQ8up-L25X4d4M9:APA91bHwgjEgPU1aUzABBwV7ezOrhXzspWPsJBivz0dTczQVCeZ12dxns9yL3xNHiFJk-vsYgBaLknISME892S4PtX64tKtbinochPNJD-mR5t3zncUfQO-A3vGQ1MI7bcSBLEInQ6jo', 'android', '2022-07-17 23:54:56', '2022-07-17 23:54:56'),
(9, 3, NULL, 'dJGGcyMTTpiFVQMLPZm-iE:APA91bF1gxqDlZOz_v0RNvkaBJZkYZnjO8GoVLJNJVVc6oAxCXIwIj7-duNdcGvbv7kqTmP-QXKmkTh6wEvpbub0Lr9tElBxZgJcMPnRrjavsBNJucdC_3tz1vfcFl31b2LAPMl0Rbd0', 'android', '2022-07-18 11:26:53', '2022-07-18 11:26:53'),
(10, 5, NULL, 'd_kBF1DXQjO19WQL61dJXX:APA91bEJQtVPThCwtfJbD_a717WByOsjOeiglrjU0MAnZOf4sHu_eIJObox2rfr0CwMogBdR1r800TW-iBaskvHDpRjyH2U4M8rSzhCx62ZN4pNhyOThzA72njJQt7V3DJ-_jhYPvr4S', 'android', '2022-07-18 13:44:43', '2022-07-18 13:44:43'),
(11, 3, NULL, 'eOQWRRFYRdK9Y3XEbC-pp8:APA91bHbJlWwRfJr4XCizFklwk7sbfo9JGcFxVrafyjOOCoqDO7Db8kQGGxwq7ZUxE5lCvqKxYV8j-oeZGP3D6qR1w6pABjgilSJrPVhmZU5mg-9wFMZbeT2El5q9AhTaG8qIEuYftNd', 'android', '2022-07-18 14:09:24', '2022-07-18 14:09:24'),
(12, 3, NULL, 'dp3LE2sqSVideEQt2Q4Mb5:APA91bGt-EiVYN1VLqqSC1IwcPZzTuVshnDdTFlwzMoq9_wKNwPPG8ORiAe7EeZ2OQF--0j_NL27dpZLZf_NDL-8jlUfNzfbASWZDP7lHDO1FAGs9sl2FRIhUeWROlSXM6tkAL2RV8kt', 'android', '2022-07-18 18:58:01', '2022-07-18 18:58:01'),
(13, 3, NULL, 'dp3LE2sqSVideEQt2Q4Mb5:APA91bGt-EiVYN1VLqqSC1IwcPZzTuVshnDdTFlwzMoq9_wKNwPPG8ORiAe7EeZ2OQF--0j_NL27dpZLZf_NDL-8jlUfNzfbASWZDP7lHDO1FAGs9sl2FRIhUeWROlSXM6tkAL2RV8kt', 'android', '2022-07-18 18:58:01', '2022-07-18 18:58:01'),
(14, 3, NULL, 'fRs-4r2NTWeRpfu9uBF1vS:APA91bF7M65DmIAQUKjzMUOn7X2zZMmrVdQ98csInWC0Z1VIOwfowiuNA4mtkK_1lhawF_yKe_n-YQEFPdVQ2_M9YuA8laftcN7DrEjoL_G9IHLXd9aloqYe_0SA3_6WAYHw8AdajkeX', 'android', '2022-07-18 18:59:10', '2022-07-18 18:59:10'),
(15, 6, NULL, 'dihCVj1xQ5OTxVztWnm5l8:APA91bExWmY2IcJQ3WtsI3WzUlfVqlrr8l-FXmWMp4hnbZ26EfIrrOMflrt3heAbT-owbhRJLi7rlU4g4aIV2Sz93JcrImHKURSY0M11WYPyIsXC_oKsRLbgu5TwrvurEwYsGH9CTeZd', 'android', '2022-07-18 21:16:13', '2022-07-18 21:16:13'),
(16, 3, NULL, 'fZoDe22BTFyuE6m725ryp4:APA91bH3aMRvWu-0QmJbluvl59Hz2CxYdkywsG8MWJFakA06sT0x58iT1b0bPfxMMSM4H2RHK-3N2nkuAS9C6U1Q2Vxt_3ndK7q1Xs6DLz_IiuSuO1h1TrPj9Gatn9mH0xFY9kS-nzLR', 'android', '2022-07-18 21:17:31', '2022-07-18 21:17:31'),
(17, 5, NULL, 'ea-0uSPHS_ihcSXRoWArYL:APA91bG65_sYH8C8ggwuKrgh2mO82vwNc10eAnIAgSVVNMzxD-MMxeXGCop5s1Wu9nPp7oDgrY-aR7dIW0WJJLUUB3tJUGDeTAZzEsbRYvNCBT7sIVC-WAlcf9cnYxr3tda3UJH4Eh18', 'android', '2022-07-18 22:03:18', '2022-07-18 22:03:18'),
(18, 3, NULL, 'dE3uV4-ESz-mjocRc5XWpJ:APA91bHhzQy__I89SfXRrA-0hS6i3fiu34da3wLkQ2PmP0Uz_rUFkKXtH1XH1TYIxcXFSASZHJgEavudzftSliDfSgyJ7xz2FVka21nQQ5MlYfpnMqGCrydh7P866jDFqPiEQM_IirXz', 'android', '2022-07-18 22:05:17', '2022-07-18 22:05:17'),
(19, 3, NULL, 'djw5nLwIRL-emHy2IpBQyc:APA91bH7gmV6skvezTuCPzJbfZT3EPSQz9qKZgFHFc5OfJWkn7TOMKbEmcQj1s_aaUFImv-YzbwID2H_hso9LN2-CNqKOGaWpUwbPj4XG-F0nUIC6FILnCzW9NURaFnYhlO9EOqxHut6', 'android', '2022-07-18 22:10:15', '2022-07-18 22:10:15'),
(20, 7, NULL, 'eUn80xpRTdCuLeSPp9yi45:APA91bHTLklGJbv1_56ckDwH5b8I-fpnmH6acM66M1beQqdnz2MKfpzFurOg_s_BG5ERx-MCq1hUqFfq0B5SvrFNCKf9IrMjjod_Od1fHZYByDEY3kKIL9ChfXIWljBT6NeOIExU3QER', 'android', '2022-07-18 22:49:11', '2022-07-18 22:49:11'),
(21, 3, NULL, 'cd3OzGHzQ9yUCmTKcheB6g:APA91bGITq6J-jrZcoKHUx5rA4xmd6-Xe1KNsBWX6MOkCd2PBJg-J_rbi4ooempplvPY5nVMJI9ub_3YIDlZhrucR3-UG_2pizhlfgy8lfDJqKNhqIlOx2HVmTok8b1ATwwnoyHlXHA6', 'android', '2022-07-18 22:53:26', '2022-07-18 22:53:26'),
(22, 8, NULL, 'elZVqsGKS3elJZsJUFIB5y:APA91bH8bTdB46F0UNVRbym4owssgVoVYExoM1DROglKKPNESkYgAytvo29H04stOeNwTf9jnQpGOF_6RPTde_A3hR_VqJjvpzelHzM-Fai7acyd_wB_ZyxybZxfeIKoF9BHF4v071ng', 'android', '2022-07-19 00:21:36', '2022-07-19 00:21:36'),
(25, 10, NULL, 'cwkcXOHSTJKrk6dbPSfNP_:APA91bFDaY2-JnY3u94nioqxOvfbm0lETBiZHyr5cx-YUgti0XiRu0dIJsduPpi0lqWBrBTv4p0M9O4GAIQNrEw08n-nZ7C2l6rMDbbJ4qi-C-Mo9hpJW3Hu0ZGboKqnmkXKkfQ3a5T_', 'android', '2022-07-22 00:43:39', '2022-07-22 00:43:39'),
(26, 3, NULL, 'cd3OzGHzQ9yUCmTKcheB6g:APA91bHsfPZ3Vx7exBS-qTN6TK1ALop6qgMxbR83QinhfNuNxvGnoWv_JAnwUyq7ttY2ZLYJC0TGbt0DwmpA0frt1odG1dDan5-sbszec8oI-jiC_KMFDAcYfl3geo_RI1VNlTg4SrMr', 'android', '2022-07-30 12:41:21', '2022-07-30 12:41:21'),
(27, 3, NULL, 'cd3OzGHzQ9yUCmTKcheB6g:APA91bF7y_x5f0827BYrGQN_sCYnRo8WPHA7vdC21n9tvmWY5jYyRuGqCFoZeA7ahgRD4IeLsjGXK-svc0A8Cabz9k2PVM6gGXiMQq9SOlh4vyIIizWh2yFMiSAY5S-x5DduRQE8y1ng', 'android', '2022-07-30 12:52:33', '2022-07-30 12:52:33'),
(28, 22, NULL, 'fT9P7K73TrmqnS7rGJQK19:APA91bFaejijPyK4f5XD6qZNjNmM-Gq7dY3mU9cU-3omGuKaopsbWLgMEIqF0YmfrJXlCucaxRAYsRKThWFRgFqM_tDQy25ARUlCM0lkQjSKIqGOS2n9CSK0dib30GKEjNMzxBEAd7eW', 'android', '2022-07-30 13:28:00', '2022-07-30 13:28:00'),
(29, 7, NULL, 'deCxOyHQRqCpOvetJ4bY_d:APA91bEFoXv9aThm8W5xT7qoHo5FpTxRHArAYksmtEAbyifrTBpL1IYos6lER-DnTLHYNH9PnEqp1g8BCXpaFl9O2Yr9s5_uXr3nLtSGcyEWZILulz4nWgT7ugGAMYmguwkKkP0qE0f0', 'android', '2022-07-30 13:33:52', '2022-07-30 13:33:52'),
(30, 3, NULL, 'fYfuRT3VTFa8bjn63wnYqK:APA91bFhuGE7bo3p6eIy-3YB8UOJm5CIzVwm-aCXGAHRK02yeNAXTYMhIKC4l9BuPOoQu3bpPuggP4S764_lbbBVcI5DL2rTWpsHD8GB1XjW-wTLlTre4Jfm1UdkEuFsuSawFuQfZa1p', 'android', '2022-07-30 17:36:33', '2022-07-30 17:36:33'),
(31, 23, NULL, 'd3FGWySvTQyscgXMt3nscz:APA91bGXOvctLoWC1V8URQiSzit0-RPSz2LBLJl_CmmfsukxZDMv2cXgUp6whkM0ANMjv4eWlX_sh-NCeDOuZ-QjlcoT7d4YrYOV0Jyad-0vW0ciphWYs_EY7VKENNIP8taHILAjBvuz', 'android', '2022-07-30 17:39:52', '2022-07-30 17:39:52'),
(33, 5, NULL, 'cxmJibFDSM-4FEWprEV5Lc:APA91bEAzgU5yVSNYpitsTcFRH6w7O9nUW36CMVk7nF8jI0XdgHOLao9GRDB38fwrP1a6TlHUTLwb3X9uIRXob7s7qysNalzKsSuzwnJ7Dxpyr5zPMHAkuojsJq_kXrbz1qtRqXzbFTb', 'android', '2022-07-30 20:33:39', '2022-07-30 20:33:39'),
(36, 24, NULL, 'eiJy8qYcToCAAw7egNUIPw:APA91bEUsZo0EKPDCqLmaNQvKbKj_U9F-sOoF7Vp2ciUf6qMWIYJmuExGKqshE_OLpraSraqlNiL25MMoUqc5CJnO8wQvXqgsgAjyHHMZNGw_cyEnWs_oO11dllrDM6Gn29pN2gydlIG', 'android', '2022-07-30 20:55:29', '2022-07-30 20:55:29'),
(41, 3, NULL, 'cd3OzGHzQ9yUCmTKcheB6g:APA91bGyK1kuh3H-vSjQ_do5QVcnT8AWdl2lAkJwhx_bP9E1moSMGtDJCUAzdkXY1-edFNiYTtxqOi6rWMLUy06Q_FFevFxU_wLLXSUvDaTJa2bmzoAFOrzRNNMVm9AfsB05E93k-qsV', 'android', '2022-07-31 20:07:08', '2022-07-31 20:07:08'),
(42, 3, NULL, 'cd3OzGHzQ9yUCmTKcheB6g:APA91bGyK1kuh3H-vSjQ_do5QVcnT8AWdl2lAkJwhx_bP9E1moSMGtDJCUAzdkXY1-edFNiYTtxqOi6rWMLUy06Q_FFevFxU_wLLXSUvDaTJa2bmzoAFOrzRNNMVm9AfsB05E93k-qsV', 'android', '2022-07-31 20:07:08', '2022-07-31 20:07:08'),
(44, 8, NULL, 'elZVqsGKS3elJZsJUFIB5y:APA91bGTUn91i1S-WHEYBWQEpa9xc5f5pu0emhGIWJkBtOjK_tA2GTrW8JYixM3HLn-bQZwbsT9wm45QqR8lZd1hKxv-Mg5JpCJtFZJkPlNoaYb3cchW419bSxmI7hhG72C1_TqI_5M8', 'android', '2022-08-01 12:24:11', '2022-08-01 12:24:11'),
(46, 5, NULL, 'frR1RHQaQGu2C7H6dzeBFJ:APA91bFCS7SsVKxIyGnI740w-XXuMMxUM3CLNjBqIFXKc6T_9IhtKkvsSyqJ-R-n1-fQ8r3xMRk2laF9RCuHaGouLC0TarCW0ZirLIVg33j8BJTnlMRFAWkqmhG4S4S7jkZ4g6CAqgm7', 'android', '2022-08-01 13:33:50', '2022-08-01 13:33:50'),
(52, 24, NULL, 'eUHbsGzWT56iQNwCG0Ny-n:APA91bGC1RnNzWUp0Beg_jQR4VQAYKXpf5PLfglPUyHPZfCopjIAY2_zdlvey9-I0I-3ly4gmPXLq0wDYPBStz7razk--c0o2qYhcATAqwaSng8C8yzXgzA4dUDhr-iieAu12WqqvmTW', 'android', '2022-08-01 16:15:30', '2022-08-01 16:15:30'),
(65, 26, NULL, 'egmy-vI7R5ekDcDOlffkFW:APA91bEif9kgOsoCFa_V0ju7GTHWNZ8tKrDBwj_DIXFH57bhKhkc0kjVnRScV-lU__bev8xx7V-qBCME0NZEZAz4xMB9me8Ml4U7JVAtVGKbvmA5q7wyeGCrtl1v_WuvDtQUdf8fZ41T', 'android', '2022-08-04 16:57:23', '2022-08-04 16:57:23'),
(84, 5, NULL, 'evYoa-iKSI2Za9MKaS7lqG:APA91bF4SJnOmLZShD5gc3xF1BNVMU4h8SHG_YuV1DZYWDWtRvkwTswUdkCQ2P8p5vtsfbftkwPM9GEhqR0aIvWWA2L05wlJO3VgGy6FWn7MY_w6rNnexvLLAaEy4wuy1f6DBXAFeG3Y', 'android', '2022-08-06 07:58:01', '2022-08-06 07:58:01'),
(88, NULL, 4, 'dtCXPnugSUuGZgOfx1k53p:APA91bFPhf-n9HhqI9xF04pvweT1mvmXree7Ab1Opd8MjDmmIz9YMoHV4duP9VLn0dvPAiHmhiSYOZqwlYh44C_92JBlw2jVW5oAk9FLiU3E5pFM4TrGCl0dwG6_rwJM2Tscx2VKLoK3', 'android', '2022-08-06 16:51:26', '2022-08-06 16:51:26'),
(89, 28, NULL, 'fQpKErqAQMKmPeVwkfO1kl:APA91bEyRgYkxPCHz8o7PXSKhWKj-dfBJRjGkzLFng4IJ2pBOu-uMU3lHyR9DmN63STl_os0_x71igZad2VTeLy7cL14uk2G79K2d54fkU54ZXNqXqLIAQAxci4CmZWkyYdmx3uUG5Xr', 'android', '2022-08-06 18:01:33', '2022-08-06 18:01:33'),
(97, 5, NULL, 'dO6XawyxTS69kFqj5angi9:APA91bH5N5Wh-ZWismik0XtawIyWQg1ZnIXKW2IHF8tBb1fN6cAerl8MZycJxNM1nNZYPM0QafNhckRrZOqHXfpjBQf1kSJTOwWATS8mPCbNQHPGrJlJonKXHv_BXeFUTTLEgDVJvyQE', 'android', '2022-08-07 23:36:18', '2022-08-07 23:36:18'),
(98, 7, NULL, 'fItL2JzCR4Sj6khqr0Nw1F:APA91bGqEDVsNnrePNPETAaQ1bvL7fa_A-ZNU5z0ksgTOx0B4ge4sONZm9SU23Rvl8LHd0_fkPmJoaha_Ve-FCVuhcAo98yr9kQLgr3APIYCJ8Qg4JQbKKkM-BwG4Wrcxu3873bD7jCb', 'android', '2022-08-08 00:15:37', '2022-08-08 00:15:37'),
(116, 5, NULL, 'e2DlsRiITxeXsbEk_ETpBe:APA91bFM_1IuymgoDq_11AG6eaHuC6D6eDgrk7vYK7ZOsJ5yibp2cSe97qfUv9wxgaXPDQZMFWAtCEHZqnq8gjhRSd7r_qTqiQFg8P64zvDJJPxhrrXCDKN_C0qcoI9FPdQgZlr58lAJ', 'android', '2022-08-09 02:11:57', '2022-08-09 02:11:57'),
(119, 28, NULL, 'fmFfGvxmSMuNEIAS9SVwlo:APA91bF9sSWLFyD3LhDdcM89U-ofvHFBLfkmnXy7ewOh772vVTaFnCKNLnP3dUisZybk4DOwKxPr2oEk0C6uo8HrW1M8yMRprraFZLeUlhrDoImY1wWXkZ4KsHUnlvo4rrASlXSRjngm', 'android', '2022-08-09 14:10:41', '2022-08-09 14:10:41'),
(126, 7, NULL, 'dw1VxQp-SwKnHT5NLTtPgk:APA91bE85MZ3wsNLn8l6YAM1s73Lh7upgVY-HPorp2pr7nZOvYQuqMdXJDSyc7Mbp6W2TiqI4CNAoIet23eLMcHm5AkDsu0xmHqGeGBXoNSy1A3MVZ7lMl6KPoeVCdzcMvDGCJqkWIMg', 'android', '2022-08-11 13:22:51', '2022-08-11 13:22:51'),
(144, 31, NULL, 'cW30oBdzStanvxqo8ELM0E:APA91bGtqWFN6JC4MsNSgje7SCV5v8Ya3eN2jZaPR9aV3gVd1JLibEK-CSNoAD9GF31mIPPBayyvB4lc3EC_YECJ9gxMbNaLvB02OxfAQ23i_Hyb1wGulM95gsqbQTKBCnyuN880yUqA', 'android', '2022-08-12 01:02:01', '2022-08-12 01:02:01'),
(153, 32, NULL, 'fItL2JzCR4Sj6khqr0Nw1F:APA91bH38fS5_3oQ8_wsnmN7fsAHEnguTS9uCwGz_PMLSHwbgonhiu2yS3b0FUVXGmwlnf9ihrzW_wx5t_DiHeVU9n70xu9KUP79pbMGVYO0g8bM3KdHYXjDHLtupYKlPUtNIjmTdhPh', 'android', '2022-08-12 03:08:21', '2022-08-12 03:08:21');

-- --------------------------------------------------------

--
-- Table structure for table `users`
--

CREATE TABLE `users` (
  `id` bigint(20) UNSIGNED NOT NULL,
  `first_name` varchar(255) COLLATE utf8mb4_unicode_ci NOT NULL,
  `last_name` varchar(255) COLLATE utf8mb4_unicode_ci NOT NULL,
  `image` varchar(255) COLLATE utf8mb4_unicode_ci DEFAULT NULL,
  `phone_code` varchar(255) COLLATE utf8mb4_unicode_ci NOT NULL,
  `phone` varchar(255) COLLATE utf8mb4_unicode_ci NOT NULL,
  `country_id` bigint(20) DEFAULT NULL,
  `governorate_id` bigint(20) DEFAULT NULL,
  `city_id` bigint(20) DEFAULT NULL,
  `address` text COLLATE utf8mb4_unicode_ci DEFAULT NULL,
  `candle_number` int(11) DEFAULT NULL,
  `water_type` enum('good','medium','bad') COLLATE utf8mb4_unicode_ci DEFAULT NULL,
  `created_at` timestamp NULL DEFAULT NULL,
  `updated_at` timestamp NULL DEFAULT NULL
) ENGINE=InnoDB DEFAULT CHARSET=utf8mb4 COLLATE=utf8mb4_unicode_ci;

--
-- Dumping data for table `users`
--

INSERT INTO `users` (`id`, `first_name`, `last_name`, `image`, `phone_code`, `phone`, `country_id`, `governorate_id`, `city_id`, `address`, `candle_number`, `water_type`, `created_at`, `updated_at`) VALUES
(2, 'ูุญูุฏ', 'ุณุนูุฏ', 'assets/uploads/users/3581658966483.webp', '+20', '1098745632', NULL, NULL, NULL, 'ุชูุณูุณู', 3, 'good', '2022-07-16 02:58:16', '2022-08-12 03:19:22'),
(3, 'ูุญูุฏ', 'ุงุญูุฏ', NULL, '+20', '1062477474', NULL, NULL, NULL, 'ุดููู ุงูููู', 3, 'medium', '2022-07-17 19:07:45', '2022-07-29 01:39:27'),
(4, 'ูุญููุฏ', 'ุงููููู', NULL, '+20', '1015783713', NULL, NULL, NULL, 'ุดุจูู ุงูููู', 3, 'bad', '2022-07-17 23:36:19', '2022-07-17 23:37:27'),
(5, 'ุงุญูุฏ', 'ุงุจุฑุงููู', 'assets/uploads/users/84451658094729.webp', '+20', '1097555011', NULL, NULL, NULL, 'ุดุจูู ุงูููู', 7, 'bad', '2022-07-17 23:52:09', '2022-08-12 03:07:19'),
(6, 'ูุญูุฏ', 'ุงุญูุฏ', NULL, '+20', '1099055211', NULL, NULL, NULL, 'ุดููุงู', 3, 'bad', '2022-07-18 21:13:20', '2022-07-18 21:25:52'),
(7, 'ูุญูุฏ', 'ุงุญูุฏ', NULL, '+20', '1066174087', NULL, NULL, NULL, 'ุดููุงู', 3, 'bad', '2022-07-18 22:47:27', '2022-08-08 23:28:18'),
(8, 'ุณูุฑ', 'ุญููู', NULL, '+20', '1027024171', NULL, NULL, NULL, 'ุดููุงู', 3, 'bad', '2022-07-19 00:16:36', '2022-07-19 00:26:02'),
(10, 'ุงุญูุฏ', 'ูุญูู', NULL, '+20', '1098380656', NULL, NULL, NULL, 'ุนููุงู ุชูุณุช', 3, 'bad', '2022-07-22 00:42:09', '2022-07-22 00:43:30'),
(21, 'ุฎุงูุฏ', 'ุชูุณุช', NULL, '+20', '10101448789', 1, 15, NULL, 'ุดููุงู', NULL, NULL, '2022-07-28 01:59:02', '2022-07-28 01:59:02'),
(22, 'ูุญูุฏ', 'ุงุญูุฏ', NULL, '+20', '1066174077', 1, 1, 1, 'ุน', 3, 'bad', '2022-07-30 12:31:59', '2022-07-30 12:32:06'),
(23, 'ูุญููุฏ', 'ุงุญูุฏ', NULL, '+20', '1066174055', 1, 1, 1, 'ุนููุงู', 3, 'bad', '2022-07-30 17:39:40', '2022-07-30 17:47:07'),
(24, 'ูุงุฌุฏ', 'ุฌูุด', 'assets/uploads/users/65021659212446.webp', '+20', '1110518080', 1, 12, 231, 'ุจููุง', 7, 'bad', '2022-07-30 20:54:59', '2022-08-01 16:17:19'),
(25, 'ุฑุฐ', 'ุฑุฐุฐ', NULL, '+20', '1097555015', 1, 1, 1, 'gxhx', NULL, NULL, '2022-08-04 16:53:58', '2022-08-04 16:53:58'),
(26, 'โุฐูุฐ', 'ูููู', NULL, '+20', '1064378757', 1, 1, 1, 'hxhx', 3, 'bad', '2022-08-04 16:57:01', '2022-08-04 16:57:22'),
(27, 'ูุญูุฏ', 'ุงุญูุฏ', NULL, '+20', '1066174033', 1, 1, 1, 'ุนููุงู', NULL, NULL, '2022-08-05 14:27:49', '2022-08-05 14:27:49'),
(28, 'ูุญูุฏ', 'ุนุจุฏุงููู', NULL, '+20', '1066385766', 1, 12, 231, 'ุฌูุฌุฑุฉ', 7, 'bad', '2022-08-06 17:59:13', '2022-08-07 10:20:09'),
(29, 'ูุจุคูุฑ', 'ูุจููุคู', NULL, '+20', '1094899599', 1, 1, NULL, 'ููุฑูุฑ', 3, 'bad', '2022-08-09 15:13:32', '2022-08-09 15:13:41'),
(30, 'ููุฉ', 'ุชูุชุช', NULL, '+20', '85888888888888888888', 1, 1, NULL, 'ุชุชุช', NULL, NULL, '2022-08-11 01:08:54', '2022-08-11 01:08:54'),
(31, 'ูุญูุฏ', 'ูุงุฌุฏ', 'assets/uploads/users/67961660257638.webp', '+20', '1110464040', 1, 12, NULL, 'ุจููุง', 7, 'bad', '2022-08-12 00:40:39', '2022-08-12 00:42:00'),
(32, 'ูุญูุฏ', 'ุงุญูุฏ', NULL, '+20', '1066174011', 1, 1, NULL, 'ุนููุงู', 5, 'bad', '2022-08-12 03:08:09', '2022-08-12 03:14:39');

-- --------------------------------------------------------

--
-- Table structure for table `user_filter_clean_times`
--

CREATE TABLE `user_filter_clean_times` (
  `id` bigint(20) UNSIGNED NOT NULL,
  `user_id` bigint(20) UNSIGNED NOT NULL,
  `candle_number` int(11) DEFAULT NULL,
  `last_clean_time` date DEFAULT NULL,
  `coming_clean_time` date DEFAULT NULL,
  `created_at` timestamp NULL DEFAULT NULL,
  `updated_at` timestamp NULL DEFAULT NULL
) ENGINE=InnoDB DEFAULT CHARSET=utf8mb4 COLLATE=utf8mb4_unicode_ci;

--
-- Dumping data for table `user_filter_clean_times`
--

INSERT INTO `user_filter_clean_times` (`id`, `user_id`, `candle_number`, `last_clean_time`, `coming_clean_time`, `created_at`, `updated_at`) VALUES
(60, 4, 1, '2022-07-09', '2022-08-08', '2022-07-17 23:37:27', '2022-08-08 23:46:11'),
(61, 4, 2, '2022-08-05', '2022-11-03', '2022-07-17 23:37:27', '2022-08-08 23:46:35'),
(62, 4, 3, '2022-08-08', '2022-11-06', '2022-07-17 23:37:27', '2022-08-08 23:51:07'),
(164, 6, 1, '2022-06-20', '2022-07-20', '2022-07-18 21:30:44', '2022-07-18 21:30:44'),
(165, 6, 2, '2022-04-21', '2022-07-20', '2022-07-18 21:30:44', '2022-07-18 21:30:44'),
(166, 6, 3, '2022-04-21', '2022-07-20', '2022-07-18 21:30:44', '2022-07-18 21:30:44'),
(297, 8, 1, '2022-07-12', '2022-08-11', '2022-07-21 18:14:28', '2022-07-21 18:14:28'),
(298, 8, 2, '2022-07-12', '2022-10-10', '2022-07-21 18:14:28', '2022-07-21 18:14:28'),
(299, 8, 3, '2022-04-20', '2022-07-19', '2022-07-21 18:14:28', '2022-07-21 18:14:28'),
(300, 10, 1, '2022-06-08', '2022-07-08', '2022-07-22 00:43:30', '2022-07-22 00:43:30'),
(301, 10, 2, '2022-06-04', '2022-09-02', '2022-07-22 00:43:30', '2022-07-22 00:43:30'),
(302, 10, 3, '2022-06-06', '2022-09-04', '2022-07-22 00:43:30', '2022-07-22 00:43:30'),
(306, 3, 1, '2022-07-28', '2022-09-26', '2022-07-29 01:39:27', '2022-07-29 01:39:27'),
(307, 3, 2, '2022-07-28', '2022-11-25', '2022-07-29 01:39:27', '2022-07-29 01:39:27'),
(308, 3, 3, '2022-07-28', '2022-11-25', '2022-07-29 01:39:27', '2022-07-29 01:39:27'),
(309, 22, 1, '2022-07-30', '2022-08-29', '2022-07-30 12:32:06', '2022-07-30 12:32:06'),
(310, 22, 2, '2022-07-30', '2022-10-28', '2022-07-30 12:32:06', '2022-07-30 12:32:06'),
(311, 22, 3, '2022-07-30', '2022-10-28', '2022-07-30 12:32:06', '2022-07-30 12:32:06'),
(312, 23, 1, '2022-07-30', '2022-08-29', '2022-07-30 17:39:48', '2022-07-30 17:39:48'),
(313, 23, 2, '2022-07-30', '2022-10-28', '2022-07-30 17:39:48', '2022-07-30 17:39:48'),
(314, 23, 3, '2022-07-30', '2022-10-28', '2022-07-30 17:39:48', '2022-07-30 17:39:48'),
(397, 24, 1, '2022-07-06', '2022-08-05', '2022-08-01 16:17:19', '2022-08-01 16:17:19'),
(398, 24, 2, '2022-05-06', '2022-08-04', '2022-08-01 16:17:19', '2022-08-01 16:17:19'),
(399, 24, 3, '2022-05-06', '2022-08-04', '2022-08-01 16:17:19', '2022-08-01 16:17:19'),
(400, 24, 4, '2021-01-07', '2022-07-01', '2022-08-01 16:17:19', '2022-08-01 16:17:19'),
(401, 24, 5, '2020-12-16', '2022-06-09', '2022-08-01 16:17:19', '2022-08-01 16:17:19'),
(402, 24, 6, '2020-12-16', '2022-12-06', '2022-08-01 16:17:19', '2022-08-01 16:17:19'),
(403, 24, 7, '2020-12-16', '2023-12-01', '2022-08-01 16:17:19', '2022-08-01 16:17:19'),
(404, 26, 1, '2022-08-04', '2022-09-03', '2022-08-04 16:57:22', '2022-08-04 16:57:22'),
(405, 26, 2, '2022-08-04', '2022-11-02', '2022-08-04 16:57:22', '2022-08-04 16:57:22'),
(406, 26, 3, '2022-08-04', '2022-11-02', '2022-08-04 16:57:22', '2022-08-04 16:57:22'),
(862, 7, 1, '2022-08-08', '2022-09-07', '2022-08-08 23:47:38', '2022-08-08 23:47:44'),
(863, 7, 2, '2022-08-08', '2022-11-06', '2022-08-08 23:47:38', '2022-08-08 23:47:38'),
(864, 7, 3, '2022-08-08', '2022-11-06', '2022-08-08 23:47:38', '2022-08-08 23:47:38'),
(1008, 28, 1, '2022-08-11', '2022-09-10', '2022-08-09 14:29:35', '2022-08-11 10:21:47'),
(1009, 28, 2, '2022-08-11', '2022-11-09', '2022-08-09 14:29:35', '2022-08-11 10:21:47'),
(1010, 28, 3, '2022-08-11', '2022-11-09', '2022-08-09 14:29:35', '2022-08-11 10:21:47'),
(1011, 28, 4, '2022-02-12', '2023-08-06', '2022-08-09 14:29:35', '2022-08-09 14:29:35'),
(1012, 28, 5, '2022-08-11', '2024-02-02', '2022-08-09 14:29:35', '2022-08-11 10:21:47'),
(1013, 28, 6, '2022-08-11', '2024-07-31', '2022-08-09 14:29:35', '2022-08-11 10:21:47'),
(1014, 28, 7, '2020-08-21', '2023-08-06', '2022-08-09 14:29:35', '2022-08-09 14:29:35'),
(1022, 29, 1, '2022-08-09', '2022-09-08', '2022-08-09 15:13:41', '2022-08-09 15:13:41'),
(1023, 29, 2, '2022-08-09', '2022-11-07', '2022-08-09 15:13:41', '2022-08-09 15:13:41'),
(1024, 29, 3, '2022-08-09', '2022-11-07', '2022-08-09 15:13:41', '2022-08-09 15:13:41'),
(1081, 31, 1, '2022-07-15', '2022-08-14', '2022-08-12 01:19:01', '2022-08-12 01:19:01'),
(1082, 31, 2, '2022-08-12', '2022-11-10', '2022-08-12 01:19:01', '2022-08-12 01:19:01'),
(1083, 31, 3, '2022-08-12', '2022-11-10', '2022-08-12 01:19:01', '2022-08-12 01:19:01'),
(1084, 31, 4, '2022-08-12', '2024-02-03', '2022-08-12 01:19:01', '2022-08-12 01:19:01'),
(1085, 31, 5, '2022-08-12', '2024-02-03', '2022-08-12 01:19:01', '2022-08-12 01:19:01'),
(1086, 31, 6, '2022-08-12', '2024-08-01', '2022-08-12 01:19:01', '2022-08-12 01:19:01'),
(1087, 31, 7, '2022-08-12', '2025-07-27', '2022-08-12 01:19:01', '2022-08-12 01:19:01'),
(1088, 5, 1, '2022-08-12', '2022-09-11', '2022-08-12 03:07:19', '2022-08-12 03:07:19'),
(1089, 5, 2, '2022-08-12', '2022-11-10', '2022-08-12 03:07:19', '2022-08-12 03:07:19'),
(1090, 5, 3, '2022-08-12', '2022-11-10', '2022-08-12 03:07:19', '2022-08-12 03:07:19'),
(1091, 5, 4, '2022-08-12', '2024-02-03', '2022-08-12 03:07:19', '2022-08-12 03:07:19'),
(1092, 5, 5, '2022-08-12', '2024-02-03', '2022-08-12 03:07:19', '2022-08-12 03:07:19'),
(1093, 5, 6, '2022-08-12', '2024-08-01', '2022-08-12 03:07:19', '2022-08-12 03:07:19'),
(1094, 5, 7, '2022-08-12', '2025-07-27', '2022-08-12 03:07:19', '2022-08-12 03:07:19'),
(1109, 32, 1, '2022-08-12', '2022-09-11', '2022-08-12 03:14:39', '2022-08-12 03:14:39'),
(1110, 32, 2, '2022-08-12', '2022-11-10', '2022-08-12 03:14:39', '2022-08-12 03:14:39'),
(1111, 32, 3, '2022-08-12', '2022-11-10', '2022-08-12 03:14:39', '2022-08-12 03:14:39'),
(1112, 32, 4, '2022-08-12', '2024-02-03', '2022-08-12 03:14:39', '2022-08-12 03:14:39'),
(1113, 32, 5, '2022-08-12', '2024-02-03', '2022-08-12 03:14:39', '2022-08-12 03:14:39');

--
-- Indexes for dumped tables
--

--
-- Indexes for table `admins`
--
ALTER TABLE `admins`
  ADD PRIMARY KEY (`id`),
  ADD UNIQUE KEY `admins_email_unique` (`email`);

--
-- Indexes for table `categories`
--
ALTER TABLE `categories`
  ADD PRIMARY KEY (`id`),
  ADD UNIQUE KEY `categories_title_unique` (`title`);

--
-- Indexes for table `cities`
--
ALTER TABLE `cities`
  ADD PRIMARY KEY (`id`);

--
-- Indexes for table `clean_time_conditions`
--
ALTER TABLE `clean_time_conditions`
  ADD PRIMARY KEY (`id`);

--
-- Indexes for table `contacts`
--
ALTER TABLE `contacts`
  ADD PRIMARY KEY (`id`),
  ADD KEY `contacts_user_id_foreign` (`user_id`),
  ADD KEY `contacts_provider_id_foreign` (`provider_id`);

--
-- Indexes for table `countries`
--
ALTER TABLE `countries`
  ADD PRIMARY KEY (`id`);

--
-- Indexes for table `explanations`
--
ALTER TABLE `explanations`
  ADD PRIMARY KEY (`id`);

--
-- Indexes for table `explanation_tags`
--
ALTER TABLE `explanation_tags`
  ADD PRIMARY KEY (`id`),
  ADD KEY `explanation_tags_explanation_id_foreign` (`explanation_id`);

--
-- Indexes for table `failed_jobs`
--
ALTER TABLE `failed_jobs`
  ADD PRIMARY KEY (`id`),
  ADD UNIQUE KEY `failed_jobs_uuid_unique` (`uuid`);

--
-- Indexes for table `governorates`
--
ALTER TABLE `governorates`
  ADD PRIMARY KEY (`id`);

--
-- Indexes for table `migrations`
--
ALTER TABLE `migrations`
  ADD PRIMARY KEY (`id`);

--
-- Indexes for table `model_has_permissions`
--
ALTER TABLE `model_has_permissions`
  ADD PRIMARY KEY (`permission_id`,`model_id`,`model_type`),
  ADD KEY `model_has_permissions_model_id_model_type_index` (`model_id`,`model_type`);

--
-- Indexes for table `model_has_roles`
--
ALTER TABLE `model_has_roles`
  ADD PRIMARY KEY (`role_id`,`model_id`,`model_type`),
  ADD KEY `model_has_roles_model_id_model_type_index` (`model_id`,`model_type`);

--
-- Indexes for table `notifications`
--
ALTER TABLE `notifications`
  ADD PRIMARY KEY (`id`),
  ADD KEY `notifications_user_id_foreign` (`user_id`),
  ADD KEY `notifications_provider_id_foreign` (`provider_id`);

--
-- Indexes for table `orders`
--
ALTER TABLE `orders`
  ADD PRIMARY KEY (`id`),
  ADD KEY `orders_user_id_foreign` (`user_id`);

--
-- Indexes for table `order_details`
--
ALTER TABLE `order_details`
  ADD PRIMARY KEY (`id`),
  ADD KEY `order_details_order_id_foreign` (`order_id`),
  ADD KEY `order_details_product_id_foreign` (`product_id`);

--
-- Indexes for table `password_resets`
--
ALTER TABLE `password_resets`
  ADD KEY `password_resets_email_index` (`email`);

--
-- Indexes for table `permissions`
--
ALTER TABLE `permissions`
  ADD PRIMARY KEY (`id`),
  ADD UNIQUE KEY `permissions_name_guard_name_unique` (`name`,`guard_name`);

--
-- Indexes for table `personal_access_tokens`
--
ALTER TABLE `personal_access_tokens`
  ADD PRIMARY KEY (`id`),
  ADD UNIQUE KEY `personal_access_tokens_token_unique` (`token`),
  ADD KEY `personal_access_tokens_tokenable_type_tokenable_id_index` (`tokenable_type`,`tokenable_id`);

--
-- Indexes for table `products`
--
ALTER TABLE `products`
  ADD PRIMARY KEY (`id`),
  ADD KEY `products_provider_id_foreign` (`provider_id`),
  ADD KEY `products_category_id_foreign` (`category_id`);

--
-- Indexes for table `product_images`
--
ALTER TABLE `product_images`
  ADD PRIMARY KEY (`id`),
  ADD KEY `product_images_product_id_foreign` (`product_id`);

--
-- Indexes for table `providers`
--
ALTER TABLE `providers`
  ADD PRIMARY KEY (`id`),
  ADD UNIQUE KEY `phone_unique` (`phone`);

--
-- Indexes for table `roles`
--
ALTER TABLE `roles`
  ADD PRIMARY KEY (`id`),
  ADD UNIQUE KEY `roles_name_guard_name_unique` (`name`,`guard_name`);

--
-- Indexes for table `role_has_permissions`
--
ALTER TABLE `role_has_permissions`
  ADD PRIMARY KEY (`permission_id`,`role_id`),
  ADD KEY `role_has_permissions_role_id_foreign` (`role_id`);

--
-- Indexes for table `settings`
--
ALTER TABLE `settings`
  ADD PRIMARY KEY (`id`);

--
-- Indexes for table `sliders`
--
ALTER TABLE `sliders`
  ADD PRIMARY KEY (`id`),
  ADD KEY `sliders_product_id_foreign` (`product_id`);

--
-- Indexes for table `tokens`
--
ALTER TABLE `tokens`
  ADD PRIMARY KEY (`id`),
  ADD KEY `tokens_user_id_foreign` (`user_id`),
  ADD KEY `tokens_provider_id_foreign` (`provider_id`);

--
-- Indexes for table `users`
--
ALTER TABLE `users`
  ADD PRIMARY KEY (`id`),
  ADD UNIQUE KEY `users_phone_unique` (`phone`);

--
-- Indexes for table `user_filter_clean_times`
--
ALTER TABLE `user_filter_clean_times`
  ADD PRIMARY KEY (`id`),
  ADD KEY `user_filter_clean_times_user_id_foreign` (`user_id`);

--
-- AUTO_INCREMENT for dumped tables
--

--
-- AUTO_INCREMENT for table `admins`
--
ALTER TABLE `admins`
  MODIFY `id` bigint(20) UNSIGNED NOT NULL AUTO_INCREMENT, AUTO_INCREMENT=4;

--
-- AUTO_INCREMENT for table `categories`
--
ALTER TABLE `categories`
  MODIFY `id` bigint(20) UNSIGNED NOT NULL AUTO_INCREMENT, AUTO_INCREMENT=5;

--
-- AUTO_INCREMENT for table `cities`
--
ALTER TABLE `cities`
  MODIFY `id` int(11) NOT NULL AUTO_INCREMENT, AUTO_INCREMENT=397;

--
-- AUTO_INCREMENT for table `clean_time_conditions`
--
ALTER TABLE `clean_time_conditions`
  MODIFY `id` bigint(20) UNSIGNED NOT NULL AUTO_INCREMENT, AUTO_INCREMENT=22;

--
-- AUTO_INCREMENT for table `contacts`
--
ALTER TABLE `contacts`
  MODIFY `id` bigint(20) UNSIGNED NOT NULL AUTO_INCREMENT, AUTO_INCREMENT=13;

--
-- AUTO_INCREMENT for table `countries`
--
ALTER TABLE `countries`
  MODIFY `id` int(20) NOT NULL AUTO_INCREMENT, AUTO_INCREMENT=23;

--
-- AUTO_INCREMENT for table `explanations`
--
ALTER TABLE `explanations`
  MODIFY `id` bigint(20) UNSIGNED NOT NULL AUTO_INCREMENT, AUTO_INCREMENT=6;

--
-- AUTO_INCREMENT for table `explanation_tags`
--
ALTER TABLE `explanation_tags`
  MODIFY `id` bigint(20) UNSIGNED NOT NULL AUTO_INCREMENT, AUTO_INCREMENT=7;

--
-- AUTO_INCREMENT for table `failed_jobs`
--
ALTER TABLE `failed_jobs`
  MODIFY `id` bigint(20) UNSIGNED NOT NULL AUTO_INCREMENT;

--
-- AUTO_INCREMENT for table `governorates`
--
ALTER TABLE `governorates`
  MODIFY `id` int(11) NOT NULL AUTO_INCREMENT, AUTO_INCREMENT=41;

--
-- AUTO_INCREMENT for table `migrations`
--
ALTER TABLE `migrations`
  MODIFY `id` int(10) UNSIGNED NOT NULL AUTO_INCREMENT, AUTO_INCREMENT=22;

--
-- AUTO_INCREMENT for table `notifications`
--
ALTER TABLE `notifications`
  MODIFY `id` bigint(20) UNSIGNED NOT NULL AUTO_INCREMENT, AUTO_INCREMENT=890;

--
-- AUTO_INCREMENT for table `orders`
--
ALTER TABLE `orders`
  MODIFY `id` bigint(20) UNSIGNED NOT NULL AUTO_INCREMENT, AUTO_INCREMENT=39;

--
-- AUTO_INCREMENT for table `order_details`
--
ALTER TABLE `order_details`
  MODIFY `id` bigint(20) UNSIGNED NOT NULL AUTO_INCREMENT, AUTO_INCREMENT=40;

--
-- AUTO_INCREMENT for table `permissions`
--
ALTER TABLE `permissions`
  MODIFY `id` bigint(20) UNSIGNED NOT NULL AUTO_INCREMENT, AUTO_INCREMENT=45;

--
-- AUTO_INCREMENT for table `personal_access_tokens`
--
ALTER TABLE `personal_access_tokens`
  MODIFY `id` bigint(20) UNSIGNED NOT NULL AUTO_INCREMENT;

--
-- AUTO_INCREMENT for table `products`
--
ALTER TABLE `products`
  MODIFY `id` bigint(20) UNSIGNED NOT NULL AUTO_INCREMENT, AUTO_INCREMENT=16;

--
-- AUTO_INCREMENT for table `product_images`
--
ALTER TABLE `product_images`
  MODIFY `id` bigint(20) UNSIGNED NOT NULL AUTO_INCREMENT, AUTO_INCREMENT=17;

--
-- AUTO_INCREMENT for table `providers`
--
ALTER TABLE `providers`
  MODIFY `id` bigint(20) UNSIGNED NOT NULL AUTO_INCREMENT, AUTO_INCREMENT=17;

--
-- AUTO_INCREMENT for table `roles`
--
ALTER TABLE `roles`
  MODIFY `id` bigint(20) UNSIGNED NOT NULL AUTO_INCREMENT, AUTO_INCREMENT=6;

--
-- AUTO_INCREMENT for table `settings`
--
ALTER TABLE `settings`
  MODIFY `id` bigint(20) UNSIGNED NOT NULL AUTO_INCREMENT, AUTO_INCREMENT=2;

--
-- AUTO_INCREMENT for table `sliders`
--
ALTER TABLE `sliders`
  MODIFY `id` bigint(20) UNSIGNED NOT NULL AUTO_INCREMENT, AUTO_INCREMENT=5;

--
-- AUTO_INCREMENT for table `tokens`
--
ALTER TABLE `tokens`
  MODIFY `id` bigint(20) UNSIGNED NOT NULL AUTO_INCREMENT, AUTO_INCREMENT=154;

--
-- AUTO_INCREMENT for table `users`
--
ALTER TABLE `users`
  MODIFY `id` bigint(20) UNSIGNED NOT NULL AUTO_INCREMENT, AUTO_INCREMENT=33;

--
-- AUTO_INCREMENT for table `user_filter_clean_times`
--
ALTER TABLE `user_filter_clean_times`
  MODIFY `id` bigint(20) UNSIGNED NOT NULL AUTO_INCREMENT, AUTO_INCREMENT=1114;

--
-- Constraints for dumped tables
--

--
-- Constraints for table `contacts`
--
ALTER TABLE `contacts`
  ADD CONSTRAINT `contacts_provider_id_foreign` FOREIGN KEY (`provider_id`) REFERENCES `providers` (`id`) ON DELETE CASCADE ON UPDATE CASCADE,
  ADD CONSTRAINT `contacts_user_id_foreign` FOREIGN KEY (`user_id`) REFERENCES `users` (`id`) ON DELETE CASCADE ON UPDATE CASCADE;

--
-- Constraints for table `explanation_tags`
--
ALTER TABLE `explanation_tags`
  ADD CONSTRAINT `explanation_tags_explanation_id_foreign` FOREIGN KEY (`explanation_id`) REFERENCES `explanations` (`id`) ON DELETE CASCADE ON UPDATE CASCADE;

--
-- Constraints for table `model_has_permissions`
--
ALTER TABLE `model_has_permissions`
  ADD CONSTRAINT `model_has_permissions_permission_id_foreign` FOREIGN KEY (`permission_id`) REFERENCES `permissions` (`id`) ON DELETE CASCADE;

--
-- Constraints for table `model_has_roles`
--
ALTER TABLE `model_has_roles`
  ADD CONSTRAINT `model_has_roles_role_id_foreign` FOREIGN KEY (`role_id`) REFERENCES `roles` (`id`) ON DELETE CASCADE;

--
-- Constraints for table `notifications`
--
ALTER TABLE `notifications`
  ADD CONSTRAINT `notifications_provider_id_foreign` FOREIGN KEY (`provider_id`) REFERENCES `providers` (`id`) ON DELETE CASCADE ON UPDATE CASCADE,
  ADD CONSTRAINT `notifications_user_id_foreign` FOREIGN KEY (`user_id`) REFERENCES `users` (`id`) ON DELETE CASCADE ON UPDATE CASCADE;

--
-- Constraints for table `orders`
--
ALTER TABLE `orders`
  ADD CONSTRAINT `orders_user_id_foreign` FOREIGN KEY (`user_id`) REFERENCES `users` (`id`) ON DELETE CASCADE ON UPDATE CASCADE;

--
-- Constraints for table `order_details`
--
ALTER TABLE `order_details`
  ADD CONSTRAINT `order_details_order_id_foreign` FOREIGN KEY (`order_id`) REFERENCES `orders` (`id`) ON DELETE CASCADE ON UPDATE CASCADE,
  ADD CONSTRAINT `order_details_product_id_foreign` FOREIGN KEY (`product_id`) REFERENCES `products` (`id`) ON DELETE CASCADE ON UPDATE CASCADE;

--
-- Constraints for table `products`
--
ALTER TABLE `products`
  ADD CONSTRAINT `products_category_id_foreign` FOREIGN KEY (`category_id`) REFERENCES `categories` (`id`) ON DELETE CASCADE,
  ADD CONSTRAINT `products_provider_id_foreign` FOREIGN KEY (`provider_id`) REFERENCES `providers` (`id`) ON DELETE CASCADE;

--
-- Constraints for table `product_images`
--
ALTER TABLE `product_images`
  ADD CONSTRAINT `product_images_product_id_foreign` FOREIGN KEY (`product_id`) REFERENCES `products` (`id`) ON DELETE CASCADE ON UPDATE CASCADE;

--
-- Constraints for table `role_has_permissions`
--
ALTER TABLE `role_has_permissions`
  ADD CONSTRAINT `role_has_permissions_permission_id_foreign` FOREIGN KEY (`permission_id`) REFERENCES `permissions` (`id`) ON DELETE CASCADE,
  ADD CONSTRAINT `role_has_permissions_role_id_foreign` FOREIGN KEY (`role_id`) REFERENCES `roles` (`id`) ON DELETE CASCADE;

--
-- Constraints for table `sliders`
--
ALTER TABLE `sliders`
  ADD CONSTRAINT `sliders_product_id_foreign` FOREIGN KEY (`product_id`) REFERENCES `products` (`id`) ON DELETE CASCADE;

--
-- Constraints for table `tokens`
--
ALTER TABLE `tokens`
  ADD CONSTRAINT `tokens_provider_id_foreign` FOREIGN KEY (`provider_id`) REFERENCES `providers` (`id`) ON DELETE CASCADE,
  ADD CONSTRAINT `tokens_user_id_foreign` FOREIGN KEY (`user_id`) REFERENCES `users` (`id`) ON DELETE CASCADE;

--
-- Constraints for table `user_filter_clean_times`
--
ALTER TABLE `user_filter_clean_times`
  ADD CONSTRAINT `user_filter_clean_times_user_id_foreign` FOREIGN KEY (`user_id`) REFERENCES `users` (`id`) ON DELETE CASCADE ON UPDATE CASCADE;
COMMIT;

/*!40101 SET CHARACTER_SET_CLIENT=@OLD_CHARACTER_SET_CLIENT */;
/*!40101 SET CHARACTER_SET_RESULTS=@OLD_CHARACTER_SET_RESULTS */;
/*!40101 SET COLLATION_CONNECTION=@OLD_COLLATION_CONNECTION */;
